Participant,Gait,Trial,StartTime,EndTime,AllDataExists,Active
1,l_comf,1,5.18,8.22,1,0
1,l_comf,2,4.55,7.72,1,0
1,l_comf,3,4.62,7.98,1,0
1,l_comf,4,4.8,8.39,1,0
1,l_comf,5,4.92,8.94,1,0
1,l_comf,6,4.89,8.1,1,0
1,l_comf,7,4.71,8.03,1,0
1,l_comf,8,4.79,8.32,1,0
1,l_comf,9,4.88,8.16,1,0
1,l_comf,10,4.61,8.02,1,0
1,l_fast,1,nan,nan,1,0
1,l_fast,2,nan,nan,1,0
1,l_fast,3,nan,nan,1,0
1,l_fast,4,nan,nan,1,0
1,l_fast,5,nan,nan,1,0
1,l_fast,6,nan,nan,1,0
1,l_fast,7,3.83,6.91,1,0
1,l_fast,8,nan,nan,1,0
1,l_fast,9,3.6,6.79,1,0
1,l_fast,10,nan,nan,1,0
1,l_fast,11,nan,nan,1,0
1,l_fast,12,nan,nan,1,0
1,l_fast,13,nan,nan,1,0
1,l_fast,14,3.57,6.14,1,0
1,l_fast,15,nan,nan,1,0
1,l_slow,1,nan,nan,1,0
1,l_slow,2,nan,nan,1,0
1,l_slow,3,nan,nan,1,0
1,l_slow,4,nan,nan,1,0
1,l_slow,5,3.35,3.4,1,0
1,l_slow,6,3.11,3.17,1,0
1,l_slow,7,nan,nan,1,0
1,l_slow,8,2.94,3,1,0
1,l_slow,9,nan,nan,1,0
1,l_slow,10,nan,nan,1,0
1,r_comf,1,5.04,8.65,1,0
1,r_comf,2,4.09,7.68,1,0
1,r_comf,3,4.06,4.12,1,0
1,r_comf,4,3.89,7.45,1,0
1,r_comf,5,4.05,7.63,1,0
1,r_comf,6,3.72,7.33,1,0
1,r_comf,7,3.91,7.45,1,0
1,r_comf,8,3.94,7.4,1,0
1,r_comf,9,4.1,7.42,1,0
1,r_comf,10,3.77,7.48,1,0
1,r_fast,1,3.49,6.32,1,0
1,r_fast,2,3.42,6.23,1,0
1,r_fast,3,3.3,6.43,1,0
1,r_fast,4,3.26,3.33,1,0
1,r_fast,5,3.21,6.28,1,0
1,r_fast,6,3.66,6.61,1,0
1,r_fast,7,3.49,3.64,1,0
1,r_fast,8,3.38,3.41,1,0
1,r_fast,9,3.23,6.13,1,0
1,r_fast,10,3.19,3.3,1,0
1,r_slow,1,3.83,8.04,1,0
1,r_slow,2,3.96,8.01,1,0
1,r_slow,3,3.8,8.24,1,0
1,r_slow,4,3.9,8.34,1,0
1,r_slow,5,3.98,4.05,1,0
1,r_slow,6,3.61,7.1,1,0
1,r_slow,7,3.95,8.27,1,0
1,r_slow,8,3.64,7.33,1,0
1,r_slow,9,3.54,7.8,1,0
1,r_slow,10,3.46,3.48,1,0
2,l_comf,1,2.56,5.75,1,0
2,l_comf,2,3.38,5.92,1,0
2,l_comf,3,2.41,5.27,1,0
2,l_comf,4,2.29,5.43,1,0
2,l_comf,5,2.99,6.21,1,0
2,l_comf,6,2.85,6.13,1,0
2,l_comf,7,2.51,5.45,1,0
2,l_comf,8,2.4,5.67,1,0
2,l_comf,9,2.51,5.88,1,0
2,l_comf,10,2.49,5.85,1,0
2,l_comf,11,2.34,5.77,1,0
2,l_fast,1,2.99,5.52,1,0
2,l_fast,2,2.67,5.12,1,0
2,l_fast,3,2.82,5.36,1,0
2,l_fast,4,2.4,4.87,1,0
2,l_fast,5,2.55,5.07,1,0
2,l_fast,6,2.68,5.45,1,0
2,l_fast,7,2.8,5.32,1,0
2,l_fast,8,2.81,5.74,1,0
2,l_fast,9,2.82,5.9,1,0
2,l_fast,10,3.06,5.64,1,0
2,l_fast,11,2.9,5.51,1,0
2,l_slow,1,3.65,7.96,1,0
2,l_slow,2,3.48,8.02,1,0
2,l_slow,3,3.16,7.65,1,0
2,l_slow,4,3.87,8.34,1,0
2,l_slow,5,nan,nan,1,0
2,l_slow,6,3.64,8.3,1,0
2,l_slow,7,3.76,8.77,1,0
2,l_slow,8,3.22,7.89,1,0
2,l_slow,9,3.63,7.62,1,0
2,l_slow,10,3.23,8.04,1,0
2,r_comf,1,3.58,3.59,1,0
2,r_comf,2,3.06,5.63,1,0
2,r_comf,3,5.39,5.68,1,0
2,r_comf,4,3.05,6.03,1,0
2,r_comf,5,1.87,5.08,1,0
2,r_comf,6,nan,nan,1,0
2,r_comf,7,1.85,5.49,1,0
2,r_comf,8,1.76,5.42,1,0
2,r_comf,9,1.74,1.81,1,0
2,r_comf,10,1.53,1.61,1,0
2,r_comf,11,1.66,5.45,1,0
2,r_comf,12,1.67,5.55,1,0
2,r_fast,1,1.31,2.03,1,0
2,r_fast,2,2.61,5.52,1,0
2,r_fast,3,2.09,2.11,1,0
2,r_fast,4,2.22,5.14,1,0
2,r_fast,5,1.98,1.99,1,0
2,r_fast,6,1.84,4.85,1,0
2,r_fast,7,2.04,2.06,1,0
2,r_fast,8,1.63,1.64,1,0
2,r_fast,9,1.95,1.97,1,0
2,r_fast,10,1.61,1.72,1,0
2,r_fast,11,1.79,1.82,1,0
2,r_fast,12,1.84,1.86,1,0
2,r_slow,1,2.51,6.48,1,0
2,r_slow,2,2.7,7.82,1,0
2,r_slow,3,2.67,2.72,1,0
2,r_slow,4,3.01,7.76,1,0
2,r_slow,5,2.52,2.54,1,0
2,r_slow,6,2.84,2.94,1,0
2,r_slow,7,2.37,7.06,1,0
2,r_slow,8,2.66,2.78,1,0
2,r_slow,9,2.56,2.59,1,0
2,r_slow,10,2.25,6.74,1,0
3,l_comf,1,nan,nan,1,0
3,l_comf,2,2.86,2.93,1,0
3,l_comf,3,nan,nan,1,0
3,l_comf,4,2.74,2.9,1,0
3,l_comf,5,nan,nan,1,0
3,l_comf,6,nan,nan,1,0
3,l_comf,7,nan,nan,1,0
3,l_comf,8,nan,nan,1,0
3,l_comf,9,nan,nan,0,0
3,l_comf,10,0.01,4.15,0,0
3,l_comf,11,nan,nan,1,0
3,l_fast,1,1.97,1.98,1,0
3,l_fast,2,nan,nan,1,0
3,l_fast,3,nan,nan,1,0
3,l_fast,4,nan,nan,1,0
3,l_fast,5,nan,nan,1,0
3,l_fast,6,nan,nan,1,0
3,l_fast,7,nan,nan,1,0
3,l_fast,8,nan,nan,1,0
3,l_fast,9,2,2.01,1,0
3,l_fast,10,2.08,2.09,1,0
3,l_slow,1,2.36,2.43,1,0
3,l_slow,2,nan,nan,1,0
3,l_slow,3,nan,nan,1,0
3,l_slow,4,2.33,2.36,1,0
3,l_slow,5,nan,nan,1,0
3,l_slow,6,2.56,2.58,1,0
3,l_slow,7,nan,nan,1,0
3,l_slow,8,nan,nan,1,0
3,l_slow,9,2.67,2.7,1,0
3,l_slow,10,nan,nan,1,0
3,l_slow,11,3.93,3.99,1,0
3,l_slow,12,nan,nan,1,0
3,r_comf,1,nan,nan,1,0
3,r_comf,2,nan,nan,1,0
3,r_comf,3,nan,nan,1,0
3,r_comf,4,nan,nan,1,0
3,r_comf,5,nan,nan,1,0
3,r_comf,6,nan,nan,1,0
3,r_comf,7,nan,nan,1,0
3,r_comf,8,nan,nan,1,0
3,r_comf,9,nan,nan,1,0
3,r_comf,10,nan,nan,1,0
3,r_fast,1,nan,nan,1,0
3,r_fast,2,nan,nan,1,0
3,r_fast,3,nan,nan,1,0
3,r_fast,4,nan,nan,1,0
3,r_fast,5,nan,nan,1,0
3,r_fast,6,nan,nan,1,0
3,r_fast,7,nan,nan,1,0
3,r_fast,8,nan,nan,1,0
3,r_fast,9,nan,nan,1,0
3,r_fast,10,nan,nan,1,0
3,r_slow,1,nan,nan,1,0
3,r_slow,2,nan,nan,1,0
3,r_slow,3,nan,nan,1,0
3,r_slow,4,nan,nan,1,0
3,r_slow,5,nan,nan,1,0
3,r_slow,6,nan,nan,1,0
3,r_slow,7,nan,nan,1,0
3,r_slow,8,nan,nan,1,0
3,r_slow,9,nan,nan,1,0
3,r_slow,10,nan,nan,1,0
4,l_comf,1,3.05,6.76,1,0
4,l_comf,2,3.17,7.39,1,0
4,l_comf,3,nan,nan,1,0
4,l_comf,4,nan,nan,1,0
4,l_comf,5,2.8,6.61,1,0
4,l_comf,6,2.65,6.28,1,0
4,l_comf,7,2.87,6.16,1,0
4,l_comf,8,2.85,6.7,1,0
4,l_comf,9,2.75,6.68,1,0
4,l_comf,10,2.79,6.62,1,0
4,l_fast,1,nan,nan,1,0
4,l_fast,2,nan,nan,1,0
4,l_fast,3,2.76,2.79,1,0
4,l_fast,4,nan,nan,1,0
4,l_fast,5,nan,nan,1,0
4,l_fast,6,nan,nan,1,0
4,l_fast,7,nan,nan,1,0
4,l_fast,8,2.9,2.91,1,0
4,l_fast,9,nan,nan,1,0
4,l_fast,10,nan,nan,1,0
4,l_slow,1,nan,nan,1,0
4,l_slow,2,nan,nan,1,0
4,l_slow,3,nan,nan,1,0
4,l_slow,4,3.4,3.52,1,0
4,l_slow,5,nan,nan,1,0
4,l_slow,6,nan,nan,1,0
4,l_slow,7,nan,nan,1,0
4,l_slow,8,nan,nan,1,0
4,l_slow,9,3.14,3.15,1,0
4,l_slow,10,nan,nan,1,0
4,l_slow,11,nan,nan,1,0
4,r_comf,1,1.55,4.76,1,0
4,r_comf,2,1.65,4.95,1,0
4,r_comf,3,1.26,4.56,1,0
4,r_comf,4,1.61,4.89,1,0
4,r_comf,5,1.51,4.81,1,0
4,r_comf,6,1.58,4.85,1,0
4,r_comf,7,1.48,4.75,1,0
4,r_comf,8,1.19,4.42,1,0
4,r_comf,9,1.28,4.53,1,0
4,r_comf,10,1.15,4.36,1,0
4,r_fast,1,1.94,4.66,1,0
4,r_fast,2,1.61,4.27,1,0
4,r_fast,3,1.51,4.27,1,0
4,r_fast,4,1.58,4.49,1,0
4,r_fast,5,1.58,4.27,1,0
4,r_fast,6,1.63,4.3,1,0
4,r_fast,7,1.5,4.28,1,0
4,r_fast,8,1.53,1.64,1,0
4,r_fast,9,1.39,4.11,1,0
4,r_fast,10,1.27,4.01,1,0
4,r_slow,1,1.55,5.4,1,0
4,r_slow,2,1.13,1.16,1,0
4,r_slow,3,1,5.05,1,0
4,r_slow,4,1.2,5.13,1,0
4,r_slow,5,1.18,1.21,1,0
4,r_slow,6,1.31,5.27,1,0
4,r_slow,7,1.05,4.94,1,0
4,r_slow,8,1.03,5.02,1,0
4,r_slow,9,0.97,5.24,1,0
4,r_slow,10,0.9,4.89,1,0
5,l_comf,1,nan,nan,1,0
5,l_comf,2,2.52,2.55,1,0
5,l_comf,3,nan,nan,1,0
5,l_comf,4,nan,nan,1,0
5,l_comf,5,2.59,2.76,1,0
5,l_comf,6,nan,nan,1,0
5,l_comf,7,2.39,6.14,1,0
5,l_comf,8,2.47,2.48,1,0
5,l_comf,9,2.42,2.44,1,0
5,l_comf,10,nan,nan,1,0
5,l_comf,11,nan,nan,1,0
5,l_fast,1,nan,nan,1,0
5,l_fast,2,nan,nan,1,0
5,l_fast,3,nan,nan,1,0
5,l_fast,4,nan,nan,1,0
5,l_fast,5,nan,nan,1,0
5,l_fast,6,nan,nan,1,0
5,l_fast,7,2.37,2.41,1,0
5,l_fast,8,nan,nan,1,0
5,l_fast,9,2.21,2.26,1,0
5,l_fast,10,2.29,2.32,1,0
5,l_slow,1,nan,nan,1,0
5,l_slow,2,nan,nan,1,0
5,l_slow,3,nan,nan,1,0
5,l_slow,4,nan,nan,1,0
5,l_slow,5,3.03,3.31,1,0
5,l_slow,6,nan,nan,1,0
5,l_slow,7,nan,nan,1,0
5,l_slow,8,nan,nan,1,0
5,l_slow,9,nan,nan,1,0
5,l_slow,10,nan,nan,1,0
5,l_slow,11,nan,nan,1,0
5,r_comf,1,nan,nan,1,0
5,r_comf,2,nan,nan,1,0
5,r_comf,3,nan,nan,1,0
5,r_comf,4,nan,nan,1,0
5,r_comf,5,nan,nan,1,0
5,r_comf,6,nan,nan,1,0
5,r_comf,7,nan,nan,1,0
5,r_comf,8,nan,nan,1,0
5,r_comf,9,nan,nan,1,0
5,r_comf,10,nan,nan,1,0
5,r_fast,1,nan,nan,1,0
5,r_fast,2,nan,nan,1,0
5,r_fast,3,nan,nan,1,0
5,r_fast,4,nan,nan,1,0
5,r_fast,5,nan,nan,1,0
5,r_fast,6,nan,nan,1,0
5,r_fast,7,nan,nan,1,0
5,r_fast,8,nan,nan,1,0
5,r_fast,9,nan,nan,1,0
5,r_fast,10,nan,nan,1,0
5,r_slow,1,nan,nan,1,0
5,r_slow,2,nan,nan,1,0
5,r_slow,3,nan,nan,1,0
5,r_slow,4,nan,nan,1,0
5,r_slow,5,nan,nan,1,0
5,r_slow,6,nan,nan,1,0
5,r_slow,7,nan,nan,1,0
5,r_slow,8,nan,nan,1,0
5,r_slow,9,nan,nan,1,0
5,r_slow,10,nan,nan,1,0
6,l_comf,1,nan,nan,1,0
6,l_comf,2,3.15,3.22,1,0
6,l_comf,3,nan,nan,1,0
6,l_comf,4,nan,nan,1,0
6,l_comf,5,3.03,3.14,1,0
6,l_comf,6,nan,nan,1,0
6,l_comf,7,2.83,2.87,1,0
6,l_comf,8,nan,nan,1,0
6,l_comf,9,3.06,3.07,1,0
6,l_comf,10,2.73,2.77,1,0
6,l_comf,11,2.67,2.7,1,0
6,l_comf,12,3.04,3.08,1,0
6,l_comf,13,nan,nan,1,0
6,l_fast,1,nan,nan,1,0
6,l_fast,2,2.54,2.66,1,0
6,l_fast,3,2.76,2.78,1,0
6,l_fast,4,2.65,2.67,1,0
6,l_fast,5,nan,nan,1,0
6,l_fast,6,2.59,2.61,1,0
6,l_fast,7,nan,nan,1,0
6,l_fast,8,nan,nan,1,0
6,l_fast,9,nan,nan,1,0
6,l_fast,10,nan,nan,1,0
6,l_fast,11,nan,nan,1,0
6,l_slow,1,nan,nan,1,0
6,l_slow,2,3.62,3.63,1,0
6,l_slow,3,3.75,3.78,1,0
6,l_slow,4,3.51,3.53,1,0
6,l_slow,5,nan,nan,1,0
6,l_slow,6,3.62,3.63,1,0
6,l_slow,7,3.6,3.62,1,0
6,l_slow,8,nan,nan,1,0
6,l_slow,9,3.7,3.81,1,0
6,l_slow,10,3.73,3.76,1,0
6,r_comf,1,nan,nan,1,0
6,r_comf,2,0.01,5.08,1,0
6,r_comf,3,0.01,4.94,1,0
6,r_comf,4,0.27,5.05,1,0
6,r_comf,5,nan,nan,1,0
6,r_comf,6,nan,nan,1,0
6,r_comf,7,nan,nan,1,0
6,r_comf,8,0.16,5.28,1,0
6,r_comf,9,0.01,5.1,1,0
6,r_comf,10,0.69,4.68,1,0
6,r_fast,1,0.3,4.21,1,0
6,r_fast,2,0.01,4.48,1,0
6,r_fast,3,0.01,4.5,1,0
6,r_fast,4,0.61,4.7,1,0
6,r_fast,5,0.01,4.41,1,0
6,r_fast,6,nan,nan,1,0
6,r_fast,7,0.11,4.53,1,0
6,r_fast,8,0.03,4.28,1,0
6,r_fast,9,0.01,4.47,1,0
6,r_fast,10,nan,nan,1,0
6,r_slow,1,nan,nan,1,0
6,r_slow,2,0.46,6.34,1,0
6,r_slow,3,nan,nan,1,0
6,r_slow,4,nan,nan,1,0
6,r_slow,5,0.01,0.15,1,0
6,r_slow,6,0.09,6.12,1,0
6,r_slow,7,0.01,6.45,1,0
6,r_slow,8,0.01,6.09,1,0
6,r_slow,9,0.03,6.24,1,0
6,r_slow,10,0.08,6.01,1,0
6,r_slow,11,0.01,0.76,1,0
6,r_slow,12,nan,nan,1,0
6,r_slow,13,0.01,5.88,1,0
7,l_comf,1,nan,nan,1,0
7,l_comf,2,3.14,6.82,1,0
7,l_comf,3,nan,nan,1,0
7,l_comf,4,3.65,7.2,0,0
7,l_comf,5,nan,nan,1,0
7,l_comf,6,nan,nan,1,0
7,l_comf,7,nan,nan,1,0
7,l_comf,8,nan,nan,1,0
7,l_comf,9,nan,nan,1,0
7,l_comf,10,nan,nan,1,0
7,l_comf,11,nan,nan,1,0
7,l_comf,12,nan,nan,0,0
7,l_fast,1,nan,nan,1,0
7,l_fast,2,nan,nan,1,0
7,l_fast,3,nan,nan,1,0
7,l_fast,4,nan,nan,1,0
7,l_fast,5,nan,nan,1,0
7,l_fast,6,nan,nan,0,0
7,l_fast,7,nan,nan,1,0
7,l_fast,8,nan,nan,1,0
7,l_fast,9,nan,nan,1,0
7,l_fast,10,nan,nan,1,0
7,l_slow,1,nan,nan,1,0
7,l_slow,2,3.01,3.02,1,0
7,l_slow,3,nan,nan,1,0
7,l_slow,4,nan,nan,1,0
7,l_slow,5,nan,nan,1,0
7,l_slow,6,nan,nan,1,0
7,l_slow,7,nan,nan,1,0
7,l_slow,8,nan,nan,1,0
7,l_slow,9,nan,nan,1,0
7,l_slow,10,nan,nan,1,0
7,r_comf,1,2.91,6.37,1,0
7,r_comf,2,2.37,6.08,1,0
7,r_comf,3,1.92,5.6,1,0
7,r_comf,4,2.05,5.66,1,0
7,r_comf,5,2.08,5.82,1,0
7,r_comf,6,2.02,5.79,1,0
7,r_comf,7,2.72,6.16,1,0
7,r_comf,8,1.82,5.2,1,0
7,r_comf,9,1.73,5.09,1,0
7,r_comf,10,1.71,5.22,1,0
7,r_fast,1,2.01,5.1,1,0
7,r_fast,2,1.62,4.77,1,0
7,r_fast,3,1.48,4.94,1,0
7,r_fast,4,2.47,5.92,1,0
7,r_fast,5,1.82,4.9,1,0
7,r_fast,6,1.58,4.69,1,0
7,r_fast,7,1.93,5.33,1,0
7,r_fast,8,1.66,5.03,1,0
7,r_fast,9,1.67,5.22,1,0
7,r_fast,10,1.84,5.01,1,0
7,r_slow,1,0.02,5.59,1,0
7,r_slow,2,0.01,5.93,1,0
7,r_slow,3,nan,nan,1,0
7,r_slow,4,0.17,5.84,1,0
7,r_slow,5,nan,nan,1,0
7,r_slow,6,0.91,5.54,1,0
7,r_slow,7,nan,nan,1,0
7,r_slow,8,0.01,5.7,1,0
7,r_slow,9,nan,nan,1,0
7,r_slow,10,0.02,5.59,1,0
8,l_comf,1,3.08,3.11,1,0
8,l_comf,2,nan,nan,1,0
8,l_comf,3,nan,nan,1,0
8,l_comf,4,nan,nan,1,0
8,l_comf,5,nan,nan,1,0
8,l_comf,6,3.12,3.13,1,0
8,l_comf,7,nan,nan,1,0
8,l_comf,8,nan,nan,1,0
8,l_comf,9,nan,nan,1,0
8,l_comf,10,nan,nan,1,0
8,l_fast,1,nan,nan,1,0
8,l_fast,2,3.19,3.21,1,0
8,l_fast,3,nan,nan,1,0
8,l_fast,4,nan,nan,1,0
8,l_fast,5,3.43,3.45,1,0
8,l_fast,6,nan,nan,1,0
8,l_fast,7,nan,nan,1,0
8,l_fast,8,nan,nan,1,0
8,l_fast,9,nan,nan,1,0
8,l_fast,10,nan,nan,1,0
8,l_slow,1,nan,nan,1,0
8,l_slow,2,nan,nan,1,0
8,l_slow,3,4.49,4.53,1,0
8,l_slow,4,5.21,5.25,1,0
8,l_slow,5,nan,nan,1,0
8,l_slow,6,5.05,5.09,1,0
8,l_slow,7,nan,nan,1,0
8,l_slow,8,nan,nan,1,0
8,l_slow,9,nan,nan,1,0
8,l_slow,10,5.03,5.04,1,0
8,r_comf,1,nan,nan,1,0
8,r_comf,2,nan,nan,1,0
8,r_comf,3,nan,nan,1,0
8,r_comf,4,nan,nan,1,0
8,r_comf,5,nan,nan,1,0
8,r_comf,6,nan,nan,1,0
8,r_comf,7,nan,nan,1,0
8,r_comf,8,nan,nan,1,0
8,r_comf,9,nan,nan,1,0
8,r_comf,10,nan,nan,1,0
8,r_fast,1,nan,nan,1,0
8,r_fast,2,nan,nan,1,0
8,r_fast,3,nan,nan,1,0
8,r_fast,4,nan,nan,1,0
8,r_fast,5,nan,nan,1,0
8,r_fast,6,nan,nan,1,0
8,r_fast,7,nan,nan,1,0
8,r_fast,8,nan,nan,1,0
8,r_fast,9,nan,nan,1,0
8,r_fast,10,nan,nan,1,0
8,r_slow,1,nan,nan,1,0
8,r_slow,2,nan,nan,1,0
8,r_slow,3,nan,nan,1,0
8,r_slow,4,nan,nan,1,0
8,r_slow,5,nan,nan,1,0
8,r_slow,6,nan,nan,1,0
8,r_slow,7,nan,nan,1,0
8,r_slow,8,nan,nan,1,0
8,r_slow,9,nan,nan,1,0
8,r_slow,10,nan,nan,1,0
9,l_comf,1,nan,nan,1,0
9,l_comf,2,nan,nan,1,0
9,l_comf,3,nan,nan,1,0
9,l_comf,4,nan,nan,1,0
9,l_comf,5,nan,nan,1,0
9,l_comf,6,nan,nan,1,0
9,l_comf,7,nan,nan,1,0
9,l_comf,8,nan,nan,1,0
9,l_comf,9,nan,nan,1,0
9,l_comf,10,nan,nan,1,0
9,l_fast,1,nan,nan,1,0
9,l_fast,2,nan,nan,1,0
9,l_fast,3,nan,nan,1,0
9,l_fast,4,nan,nan,1,0
9,l_fast,5,nan,nan,1,0
9,l_fast,6,nan,nan,1,0
9,l_fast,7,nan,nan,1,0
9,l_fast,8,nan,nan,1,0
9,l_fast,9,nan,nan,1,0
9,l_fast,10,nan,nan,1,0
9,l_slow,1,nan,nan,1,0
9,l_slow,2,nan,nan,1,0
9,l_slow,3,nan,nan,1,0
9,l_slow,4,nan,nan,1,0
9,l_slow,5,nan,nan,1,0
9,l_slow,6,nan,nan,1,0
9,l_slow,7,nan,nan,1,0
9,l_slow,8,nan,nan,1,0
9,l_slow,9,nan,nan,1,0
9,l_slow,10,nan,nan,1,0
9,r_comf,1,1.77,5.83,1,0
9,r_comf,2,1.54,5.57,1,0
9,r_comf,3,1.09,5.24,1,0
9,r_comf,4,1.79,5.72,1,0
9,r_comf,5,1.79,5.5,1,0
9,r_comf,6,1.36,5.35,1,0
9,r_comf,7,1.49,5.49,1,0
9,r_comf,8,1.6,5.56,1,0
9,r_comf,9,1.5,5.35,1,0
9,r_comf,10,1.59,5.34,1,0
9,r_fast,1,1.52,5.17,1,0
9,r_fast,2,1.48,4.91,1,0
9,r_fast,3,1.25,4.7,1,0
9,r_fast,4,1.36,4.77,1,0
9,r_fast,5,1.3,4.56,1,0
9,r_fast,6,1.24,4.95,1,0
9,r_fast,7,1.44,4.95,1,0
9,r_fast,8,1.13,4.58,1,0
9,r_fast,9,1.27,4.76,1,0
9,r_fast,10,1.43,4.96,1,0
9,r_slow,1,nan,nan,1,0
9,r_slow,2,0.22,0.98,1,0
9,r_slow,3,0.12,5.83,1,0
9,r_slow,4,nan,nan,1,0
9,r_slow,5,0.55,5.68,1,0
9,r_slow,6,0.01,5.99,1,0
9,r_slow,7,nan,nan,1,0
9,r_slow,8,0.83,5.67,1,0
9,r_slow,9,0.43,5.72,1,0
9,r_slow,10,nan,nan,1,0
10,l_comf,1,2.15,4.56,1,0
10,l_comf,2,2.34,3.31,1,0
10,l_comf,3,1.87,4.22,1,0
10,l_comf,4,1.88,4.71,1,0
10,l_comf,5,1.7,4.47,1,0
10,l_comf,6,5.87,6.21,1,0
10,l_comf,7,1.81,4.13,1,0
10,l_comf,8,1.85,4.49,1,0
10,l_comf,9,1.92,4.28,1,0
10,l_comf,10,1.74,1.82,1,0
10,l_fast,1,1.82,4.13,1,0
10,l_fast,2,1.8,4.24,1,0
10,l_fast,3,1.82,3.6,1,0
10,l_fast,4,1.66,3.8,1,0
10,l_fast,5,2.05,3.94,1,0
10,l_fast,6,1.84,3.61,1,0
10,l_fast,7,1.75,3.81,1,0
10,l_fast,8,1.71,3.45,1,0
10,l_fast,9,1.76,4.27,1,0
10,l_fast,10,nan,nan,1,0
10,l_fast,11,1.64,4.03,1,0
10,l_slow,1,1.96,4.91,1,0
10,l_slow,2,1.91,2.34,1,0
10,l_slow,3,1.86,4.81,1,0
10,l_slow,4,1.93,2.41,1,0
10,l_slow,5,nan,nan,1,0
10,l_slow,6,nan,nan,1,0
10,l_slow,7,nan,nan,1,0
10,l_slow,8,nan,nan,1,0
10,l_slow,9,nan,nan,1,0
10,l_slow,10,nan,nan,1,0
10,l_slow,11,2.03,2.11,1,0
10,l_slow,12,nan,nan,1,0
10,r_comf,1,1.93,3.96,1,0
10,r_comf,2,1.63,3.19,1,0
10,r_comf,3,0.12,0.63,1,0
10,r_comf,4,1.5,3.7,1,0
10,r_comf,5,1.34,1.35,1,0
10,r_comf,6,0.23,0.63,1,0
10,r_comf,7,1.06,3.27,1,0
10,r_comf,8,0.05,0.98,1,0
10,r_comf,9,0.98,3.38,1,0
10,r_comf,10,1.01,3.25,1,0
10,r_fast,1,1.43,3.17,1,0
10,r_fast,2,1.14,3.09,1,0
10,r_fast,3,1.35,3.25,1,0
10,r_fast,4,1.48,3.11,1,0
10,r_fast,5,1.95,3.61,1,0
10,r_fast,6,1.52,3.1,1,0
10,r_fast,7,1.68,3.31,1,0
10,r_fast,8,1.25,2.98,1,0
10,r_fast,9,1.19,2.94,1,0
10,r_fast,10,1.47,3.13,1,0
10,r_slow,1,nan,nan,1,0
10,r_slow,2,0.01,0.91,1,0
10,r_slow,3,0.01,1.07,1,0
10,r_slow,4,0.74,4.11,1,0
10,r_slow,5,0.09,1.04,1,0
10,r_slow,6,0.18,4.1,1,0
10,r_slow,7,nan,nan,1,0
10,r_slow,8,0.03,3.86,1,0
10,r_slow,9,0.01,1.16,1,0
10,r_slow,10,0.11,3.93,1,0
10,r_slow,11,0.14,3.7,1,0
11,l_comf,1,2.52,6.1,0,0
11,l_comf,2,2.55,5.69,0,0
11,l_comf,3,2.54,6.2,0,0
11,l_comf,4,2.9,6.67,0,0
11,l_comf,5,nan,nan,0,0
11,l_comf,6,2.53,6.35,0,0
11,l_comf,7,2.69,6.38,0,0
11,l_comf,8,nan,nan,0,0
11,l_comf,9,2.67,6.21,0,0
11,l_comf,10,2.57,6.5,0,0
11,l_comf,11,2.59,6.38,0,0
11,l_comf,12,2.51,6.52,0,0
11,l_fast,1,2.27,5.76,0,0
11,l_fast,2,nan,nan,0,0
11,l_fast,3,nan,nan,0,0
11,l_fast,4,nan,nan,0,0
11,l_fast,5,nan,nan,0,0
11,l_fast,6,nan,nan,0,0
11,l_fast,7,nan,nan,0,0
11,l_fast,8,nan,nan,0,0
11,l_fast,9,nan,nan,0,0
11,l_fast,10,nan,nan,0,0
11,l_slow,1,nan,nan,0,0
11,l_slow,2,nan,nan,0,0
11,l_slow,3,nan,nan,0,0
11,l_slow,4,nan,nan,0,0
11,l_slow,5,nan,nan,0,0
11,l_slow,6,nan,nan,0,0
11,l_slow,7,nan,nan,0,0
11,l_slow,8,3.28,8.05,0,0
11,l_slow,9,nan,nan,0,0
11,l_slow,10,nan,nan,0,0
11,r_comf,1,0.08,0.37,0,0
11,r_comf,2,nan,nan,0,0
11,r_comf,3,0.01,0.58,0,0
11,r_comf,4,0.03,0.47,0,0
11,r_comf,5,0.04,4.64,0,0
11,r_comf,6,0.9,4.59,0,0
11,r_comf,7,0.01,4.82,0,0
11,r_comf,8,1.13,1.22,0,0
11,r_comf,9,1.13,1.17,0,0
11,r_comf,10,1.15,5.02,0,0
11,r_fast,1,1.41,4.93,0,0
11,r_fast,2,0.79,4.49,0,0
11,r_fast,3,0.87,4.77,0,0
11,r_fast,4,1.41,4.62,0,0
11,r_fast,5,1.11,4.89,0,0
11,r_fast,6,0.88,4.7,0,0
11,r_fast,7,0.77,4.77,0,0
11,r_fast,8,1.01,4.94,0,0
11,r_fast,9,1.2,4.46,0,0
11,r_fast,10,1.17,4.88,0,0
11,r_fast,11,1,4.93,0,0
11,r_slow,1,1.22,1.33,0,0
11,r_slow,2,0.87,0.89,0,0
11,r_slow,3,0.89,5.97,0,0
11,r_slow,4,1.12,1.18,0,0
11,r_slow,5,1.48,1.74,0,0
11,r_slow,6,1.01,1.05,0,0
11,r_slow,7,1.38,5.9,0,0
11,r_slow,8,1.11,5.96,0,0
11,r_slow,9,1.17,1.54,0,0
11,r_slow,10,1.26,6.05,0,0
11,r_slow,11,0.02,0.03,0,0
12,l_comf,1,nan,nan,1,0
12,l_comf,2,nan,nan,1,0
12,l_comf,3,2.1,2.13,1,0
12,l_comf,4,nan,nan,1,0
12,l_comf,5,nan,nan,1,0
12,l_comf,6,nan,nan,1,0
12,l_comf,7,nan,nan,1,0
12,l_comf,8,nan,nan,1,0
12,l_comf,9,nan,nan,1,0
12,l_comf,10,nan,nan,1,0
12,l_fast,1,nan,nan,1,0
12,l_fast,2,nan,nan,1,0
12,l_fast,3,nan,nan,1,0
12,l_fast,4,nan,nan,1,0
12,l_fast,5,nan,nan,1,0
12,l_fast,6,nan,nan,1,0
12,l_fast,7,nan,nan,1,0
12,l_fast,8,nan,nan,1,0
12,l_fast,9,nan,nan,1,0
12,l_fast,10,nan,nan,1,0
12,l_slow,1,2.05,2.06,1,0
12,l_slow,2,2.21,2.26,1,0
12,l_slow,3,2.12,2.15,1,0
12,l_slow,4,2.31,2.35,1,0
12,l_slow,5,nan,nan,1,0
12,l_slow,6,2.26,2.31,1,0
12,l_slow,7,2.19,2.21,1,0
12,l_slow,8,2.1,2.17,1,0
12,l_slow,9,nan,nan,1,0
12,l_slow,10,nan,nan,1,0
12,r_comf,1,nan,nan,1,0
12,r_comf,2,nan,nan,1,0
12,r_comf,3,nan,nan,1,0
12,r_comf,4,nan,nan,1,0
12,r_comf,5,0.03,5.17,1,0
12,r_comf,6,nan,nan,1,0
12,r_comf,7,nan,nan,1,0
12,r_comf,8,nan,nan,1,0
12,r_comf,9,0.08,5.32,1,0
12,r_comf,10,nan,nan,1,0
12,r_fast,1,0.12,4.57,1,0
12,r_fast,2,nan,nan,1,0
12,r_fast,3,nan,nan,1,0
12,r_fast,4,0.68,0.71,1,0
12,r_fast,5,0.46,4.22,1,0
12,r_fast,6,0.46,0.87,1,0
12,r_fast,7,nan,nan,1,0
12,r_fast,8,0.2,0.67,1,0
12,r_fast,9,0.27,4.25,1,0
12,r_fast,10,0.42,4.2,1,0
12,r_slow,1,nan,nan,1,0
12,r_slow,2,nan,nan,1,0
12,r_slow,3,nan,nan,1,0
12,r_slow,4,nan,nan,1,0
12,r_slow,5,nan,nan,1,0
12,r_slow,6,nan,nan,1,0
12,r_slow,7,nan,nan,1,0
12,r_slow,8,nan,nan,1,0
12,r_slow,9,nan,nan,1,0
12,r_slow,10,nan,nan,1,0
13,l_comf,1,3.18,6.92,1,0
13,l_comf,2,3.34,7.14,1,0
13,l_comf,3,3.25,6.84,1,0
13,l_comf,4,3.25,6.97,1,0
13,l_comf,5,3.01,6.66,1,0
13,l_comf,6,3.3,6.79,1,0
13,l_comf,7,3.47,6.96,1,0
13,l_comf,8,3.28,6.98,1,0
13,l_comf,9,2.86,6.52,1,0
13,l_comf,10,3.01,6.64,1,0
13,l_fast,1,2.72,5.72,1,0
13,l_fast,2,2.6,5.8,1,0
13,l_fast,3,2.66,5.82,1,0
13,l_fast,4,3.03,6.34,1,0
13,l_fast,5,2.61,5.6,1,0
13,l_fast,6,2.55,5.55,1,0
13,l_fast,7,2.54,5.43,1,0
13,l_fast,8,2.6,5.62,1,0
13,l_fast,9,2.64,5.5,1,0
13,l_fast,10,2.66,5.72,1,0
13,l_slow,1,5.57,9.48,1,0
13,l_slow,2,2.94,6.87,1,0
13,l_slow,3,2.94,6.77,1,0
13,l_slow,4,3.1,6.78,1,0
13,l_slow,5,3.41,7.21,1,0
13,l_slow,6,3.21,7.03,1,0
13,l_slow,7,2.76,6.67,1,0
13,l_slow,8,3.17,6.97,0,0
13,l_slow,9,3.38,7.31,1,0
13,l_slow,10,3.35,7.26,1,0
13,r_comf,1,3.23,7.27,1,0
13,r_comf,2,2.33,6.16,1,0
13,r_comf,3,1.83,5.8,1,0
13,r_comf,4,1.97,5.75,1,0
13,r_comf,5,1.74,5.7,1,0
13,r_comf,6,1.88,5.91,1,0
13,r_comf,7,2.11,6.11,1,0
13,r_comf,8,2.06,5.85,1,0
13,r_comf,9,1.92,5.89,1,0
13,r_comf,10,2.57,6.22,1,0
13,r_fast,1,2.54,5.3,1,0
13,r_fast,2,2.34,5.57,1,0
13,r_fast,3,1.73,1.85,1,0
13,r_fast,4,2.17,2.44,1,0
13,r_fast,5,1.44,1.47,1,0
13,r_fast,6,1.65,4.9,1,0
13,r_fast,7,1.72,4.79,1,0
13,r_fast,8,1.38,4.68,1,0
13,r_fast,9,1.4,4.54,1,0
13,r_fast,10,1.57,4.83,1,0
13,r_slow,1,2.35,6.39,1,0
13,r_slow,2,2.06,2.29,1,0
13,r_slow,3,2.31,6.7,1,0
13,r_slow,4,2.11,6.02,1,0
13,r_slow,5,2.24,6.45,1,0
13,r_slow,6,2.76,6.84,1,0
13,r_slow,7,2.39,6.54,1,0
13,r_slow,8,2.36,6.62,1,0
13,r_slow,9,2.17,6.25,1,0
13,r_slow,10,2.64,6.35,1,0
14,l_comf,1,2.62,5.16,0,0
14,l_comf,2,2.44,4.81,0,0
14,l_comf,3,2.62,5.21,0,0
14,l_comf,4,2.39,4.71,0,0
14,l_comf,5,2.56,4.98,0,0
14,l_comf,6,2.75,5.12,0,0
14,l_comf,7,2.3,4.69,0,0
14,l_comf,8,2.57,5.03,0,0
14,l_comf,9,2.37,4.73,0,0
14,l_comf,10,nan,nan,0,0
14,l_fast,1,nan,nan,0,0
14,l_fast,2,nan,nan,0,0
14,l_fast,3,nan,nan,0,0
14,l_fast,4,2.59,3.26,0,0
14,l_fast,5,2.42,3.04,0,0
14,l_fast,6,2.45,3.15,0,0
14,l_fast,7,2.59,3.26,0,0
14,l_fast,8,2.39,4.63,0,0
14,l_fast,9,2.48,4.56,0,0
14,l_fast,10,2.53,4.77,0,0
14,l_slow,1,2.74,6.06,0,0
14,l_slow,2,2.79,5.7,0,0
14,l_slow,3,2.47,2.67,0,0
14,l_slow,4,nan,nan,0,0
14,l_slow,5,nan,nan,0,0
14,l_slow,6,nan,nan,0,0
14,l_slow,7,2.5,5.93,0,0
14,l_slow,8,2.7,2.89,0,0
14,l_slow,9,2.59,5.65,0,0
14,l_slow,10,nan,nan,0,0
14,l_slow,11,2.74,5.98,0,0
14,r_comf,1,2.84,5.12,0,0
14,r_comf,2,1.92,4.1,0,0
14,r_comf,3,1.96,2.03,0,0
14,r_comf,4,2.69,4.95,0,0
14,r_comf,5,1.88,1.93,0,0
14,r_comf,6,1.46,1.5,0,0
14,r_comf,7,2.17,4.38,0,0
14,r_comf,8,1.92,4.29,0,0
14,r_comf,9,2.01,4.47,0,0
14,r_comf,10,1.95,4.18,0,0
14,r_fast,1,2.18,4.07,0,0
14,r_fast,2,nan,nan,0,0
14,r_fast,3,2.26,4.26,0,0
14,r_fast,4,2.17,4.21,0,0
14,r_fast,5,nan,nan,0,0
14,r_fast,6,1.91,1.92,0,0
14,r_fast,7,nan,nan,0,0
14,r_fast,8,2.11,4,0,0
14,r_fast,9,nan,nan,0,0
14,r_fast,10,2.26,4.23,0,0
14,r_fast,11,nan,nan,0,0
14,r_slow,1,1.51,1.79,0,0
14,r_slow,2,1.55,1.75,0,0
14,r_slow,3,1.4,1.63,0,0
14,r_slow,4,1.49,1.78,0,0
14,r_slow,5,1.54,1.57,0,0
14,r_slow,6,1.46,1.63,0,0
14,r_slow,7,1.66,1.69,0,0
14,r_slow,8,nan,nan,0,0
14,r_slow,9,1.73,1.83,0,0
14,r_slow,10,1.76,2.12,0,0
15,l_comf,1,3.41,3.44,1,0
15,l_comf,2,3.16,6.31,1,0
15,l_comf,3,3,6.36,1,0
15,l_comf,4,3.6,6.78,1,0
15,l_comf,5,3.17,6.48,1,0
15,l_comf,6,3.45,6.75,1,0
15,l_comf,7,3.18,6.63,1,0
15,l_comf,8,2.94,6.37,1,0
15,l_comf,9,3,6.44,1,0
15,l_comf,10,3.1,6.42,1,0
15,l_comf,11,3.73,7.09,1,0
15,l_fast,1,2.8,6.32,1,0
15,l_fast,2,2.65,6.18,1,0
15,l_fast,3,3.25,6.31,1,0
15,l_fast,4,3.04,6.32,1,0
15,l_fast,5,3.28,6.16,1,0
15,l_fast,6,3.24,6.41,1,0
15,l_fast,7,3.42,6.72,1,0
15,l_fast,8,3.37,6.26,1,0
15,l_fast,9,3.18,6.4,1,0
15,l_fast,10,3.54,6.73,1,0
15,l_fast,11,3.39,6.38,1,0
15,l_fast,12,3.23,6.34,1,0
15,l_slow,1,3.53,7.5,1,0
15,l_slow,2,3.52,7.48,1,0
15,l_slow,3,3.28,7.17,1,0
15,l_slow,4,3.42,7.42,1,0
15,l_slow,5,3.3,7.15,1,0
15,l_slow,6,3.17,7,1,0
15,l_slow,7,3.31,7.21,1,0
15,l_slow,8,3.53,7.42,1,0
15,l_slow,9,3.19,7.22,1,0
15,l_slow,10,3.21,7.18,1,0
15,r_comf,1,3.5,7.24,1,0
15,r_comf,2,3.3,6.94,1,0
15,r_comf,3,3.26,6.95,1,0
15,r_comf,4,2.85,6.65,1,0
15,r_comf,5,3.17,3.55,1,0
15,r_comf,6,3.28,6.9,1,0
15,r_comf,7,3.42,7.16,1,0
15,r_comf,8,3.31,6.96,1,0
15,r_comf,9,2.77,2.79,1,0
15,r_comf,10,3.02,6.55,1,0
15,r_fast,1,3.22,6.32,1,0
15,r_fast,2,2.94,5.95,1,0
15,r_fast,3,3.23,6.25,1,0
15,r_fast,4,3.14,6.34,1,0
15,r_fast,5,2.59,2.6,1,0
15,r_fast,6,2.61,2.95,1,0
15,r_fast,7,2.54,5.99,1,0
15,r_fast,8,2.82,2.91,1,0
15,r_fast,9,3.6,6.87,1,0
15,r_fast,10,2.61,5.92,1,0
15,r_fast,11,2.5,2.52,1,0
15,r_slow,1,nan,nan,1,0
15,r_slow,2,0.37,6.07,1,0
15,r_slow,3,1.52,6.25,1,0
15,r_slow,4,1.49,6.34,1,0
15,r_slow,5,1.32,1.94,1,0
15,r_slow,6,1.29,5.88,1,0
15,r_slow,7,1.81,6.55,1,0
15,r_slow,8,1.65,6.39,1,0
15,r_slow,9,1.54,6.1,1,0
15,r_slow,10,0.47,1.04,1,0
16,l_comf,1,nan,nan,1,0
16,l_comf,2,3.23,5.85,1,0
16,l_comf,3,2.78,5.37,1,0
16,l_comf,4,2.67,4.92,1,0
16,l_comf,5,2.52,5.06,1,0
16,l_comf,6,2.7,5.26,1,0
16,l_comf,7,3.21,5.71,1,0
16,l_comf,8,2.92,5.53,1,0
16,l_comf,9,2.56,5.1,1,0
16,l_comf,10,2.71,2.8,1,0
16,l_comf,11,2.47,5.14,1,0
16,l_comf,12,3.28,6.02,1,0
16,l_fast,1,2.72,5.01,1,0
16,l_fast,2,3.22,5.46,1,0
16,l_fast,3,2.99,5.32,1,0
16,l_fast,4,2.46,4.65,1,0
16,l_fast,5,2.75,2.79,1,0
16,l_fast,6,2.74,5.11,1,0
16,l_fast,7,2.99,5.42,1,0
16,l_fast,8,2.82,5.09,1,0
16,l_fast,9,2.74,5.04,1,0
16,l_fast,10,3.01,5.28,1,0
16,l_fast,11,3.1,5.37,1,0
16,l_slow,1,nan,nan,1,0
16,l_slow,2,nan,nan,1,0
16,l_slow,3,3.04,6.1,1,0
16,l_slow,4,2.99,6.01,1,0
16,l_slow,5,nan,nan,1,0
16,l_slow,6,nan,nan,1,0
16,l_slow,7,2.78,5.82,1,0
16,l_slow,8,3.19,6.81,1,0
16,l_slow,9,3.04,6.54,1,0
16,l_slow,10,3.1,6.26,1,0
16,r_comf,1,2.25,2.56,1,0
16,r_comf,2,2.11,2.16,1,0
16,r_comf,3,2.37,5.07,1,0
16,r_comf,4,2.33,2.35,1,0
16,r_comf,5,2.35,5.08,1,0
16,r_comf,6,2.24,2.25,1,0
16,r_comf,7,1.72,1.87,1,0
16,r_comf,8,1.86,1.89,1,0
16,r_comf,9,2.27,4.76,1,0
16,r_comf,10,2.05,2.07,1,0
16,r_comf,11,2.22,4.96,1,0
16,r_fast,1,2.59,4.79,1,0
16,r_fast,2,2.46,4.7,1,0
16,r_fast,3,2.73,4.94,1,0
16,r_fast,4,2.77,4.97,1,0
16,r_fast,5,2.57,4.81,1,0
16,r_fast,6,2.3,4.62,1,0
16,r_fast,7,1.95,4.25,1,0
16,r_fast,8,2.4,4.83,1,0
16,r_fast,9,2.21,4.5,1,0
16,r_fast,10,2.59,4.99,1,0
16,r_slow,1,2.02,2.18,1,0
16,r_slow,2,2.3,6.2,1,0
16,r_slow,3,2.02,2.06,1,0
16,r_slow,4,2.23,2.25,1,0
16,r_slow,5,2.08,2.09,1,0
16,r_slow,6,1.78,5.64,1,0
16,r_slow,7,2.01,5.9,1,0
16,r_slow,8,1.94,5.67,1,0
16,r_slow,9,2.19,5.85,1,1
16,r_slow,10,2.29,2.48,1,0
17,l_comf,1,2.57,5.23,1,1
17,l_comf,2,2.67,5.38,1,1
17,l_comf,3,2.54,5.48,1,0
17,l_comf,4,2.64,5.5,1,0
17,l_comf,5,2.69,5.54,1,0
17,l_comf,6,2.64,5.66,1,0
17,l_comf,7,2.99,6.17,1,0
17,l_comf,8,3.02,6.06,1,0
17,l_comf,9,2.48,5.64,1,0
17,l_comf,10,2.33,5.48,1,0
17,l_fast,1,2.91,6.4,1,0
17,l_fast,2,2.68,5.36,1,0
17,l_fast,3,2.83,5.65,1,0
17,l_fast,4,nan,nan,1,0
17,l_fast,5,2.74,5.52,1,0
17,l_fast,6,3.11,6.01,1,0
17,l_fast,7,2.91,5.79,1,0
17,l_fast,8,nan,nan,1,0
17,l_fast,9,3.63,6.66,1,0
17,l_fast,10,2.94,6.38,1,0
17,l_slow,1,3,6.68,1,0
17,l_slow,2,2.61,6.29,1,0
17,l_slow,3,2.42,6.06,1,0
17,l_slow,4,nan,nan,1,0
17,l_slow,5,2.89,6.84,1,0
17,l_slow,6,2.96,6.91,1,0
17,l_slow,7,2.76,6.48,1,0
17,l_slow,8,nan,nan,0,0
17,l_slow,9,3.13,6.76,1,0
17,l_slow,10,2.67,6.82,1,0
17,r_comf,1,0.02,2.33,1,0
17,r_comf,2,1.88,4.9,1,0
17,r_comf,3,nan,nan,1,0
17,r_comf,4,1.68,4.81,1,0
17,r_comf,5,1.45,4.59,1,0
17,r_comf,6,1.87,4.92,1,0
17,r_comf,7,nan,nan,1,0
17,r_comf,8,nan,nan,1,0
17,r_comf,9,1.16,5.17,1,0
17,r_comf,10,2.39,5.55,1,0
17,r_fast,1,2.33,2.59,1,0
17,r_fast,2,2.19,4.93,1,0
17,r_fast,3,1.75,4.68,1,0
17,r_fast,4,2.08,4.89,1,0
17,r_fast,5,2.41,5.41,1,0
17,r_fast,6,2.33,5.21,1,0
17,r_fast,7,2.37,5.31,1,0
17,r_fast,8,2.98,3,1,0
17,r_fast,9,2.44,5.37,1,0
17,r_fast,10,1.96,5.01,1,0
17,r_slow,1,nan,nan,1,0
17,r_slow,2,nan,nan,1,0
17,r_slow,3,nan,nan,1,0
17,r_slow,4,nan,nan,1,0
17,r_slow,5,nan,nan,1,0
17,r_slow,6,nan,nan,1,0
17,r_slow,7,0.1,5.89,1,0
17,r_slow,8,nan,nan,1,0
17,r_slow,9,nan,nan,1,0
17,r_slow,10,nan,nan,1,0
18,l_comf,1,3.06,6.18,1,0
18,l_comf,2,3.42,3.44,1,0
18,l_comf,3,2.5,2.55,1,0
18,l_comf,4,2.97,3.05,1,0
18,l_comf,5,2.98,5.98,1,0
18,l_comf,6,3.28,6.33,1,0
18,l_comf,7,2.78,2.79,1,0
18,l_comf,8,2.98,6.01,1,0
18,l_comf,9,3.18,6.28,1,0
18,l_comf,10,3.13,3.14,1,0
18,l_comf,11,2.99,6.06,1,0
18,l_fast,1,2.73,5.41,1,0
18,l_fast,2,3.4,6.08,1,0
18,l_fast,3,3.02,5.29,1,0
18,l_fast,4,3.17,5.85,1,0
18,l_fast,5,3.1,5.54,1,0
18,l_fast,6,3.17,6.06,1,0
18,l_fast,7,3.02,5.96,1,0
18,l_fast,8,3.65,6.05,1,0
18,l_fast,9,3.37,5.96,1,0
18,l_fast,10,3.5,6.22,1,0
18,l_slow,1,3.58,3.73,1,0
18,l_slow,2,3.52,3.56,1,0
18,l_slow,3,3.38,6.88,1,0
18,l_slow,4,3.3,6.91,1,0
18,l_slow,5,3.47,3.53,1,0
18,l_slow,6,3.41,6.96,1,0
18,l_slow,7,3.51,7.18,1,0
18,l_slow,8,3.75,3.84,1,0
18,l_slow,9,3.35,6.83,1,0
18,l_slow,10,3.53,3.59,1,0
18,r_comf,1,2.45,2.48,1,0
18,r_comf,2,2.68,2.85,1,0
18,r_comf,3,2.44,2.47,1,0
18,r_comf,4,2.48,2.54,1,0
18,r_comf,5,2.3,2.41,1,0
18,r_comf,6,2.16,2.17,1,0
18,r_comf,7,2.71,2.72,1,0
18,r_comf,8,2.21,2.24,1,0
18,r_comf,9,2.39,2.5,1,0
18,r_comf,10,2.3,2.32,1,0
18,r_fast,1,2.36,2.48,1,0
18,r_fast,2,2.72,2.8,1,0
18,r_fast,3,1.99,2.08,1,0
18,r_fast,4,2.39,2.41,1,0
18,r_fast,5,2.59,2.65,1,0
18,r_fast,6,2.09,2.13,1,0
18,r_fast,7,2.62,2.64,1,0
18,r_fast,8,2.65,2.7,1,0
18,r_fast,9,2.68,2.71,1,0
18,r_fast,10,2.46,2.57,1,0
18,r_slow,1,2.53,2.56,1,0
18,r_slow,2,2.51,2.52,1,0
18,r_slow,3,2.53,2.57,1,0
18,r_slow,4,2.89,2.91,1,0
18,r_slow,5,2.23,2.25,1,0
18,r_slow,6,3.16,3.19,1,0
18,r_slow,7,2.75,2.76,1,0
18,r_slow,8,3.18,3.25,1,0
18,r_slow,9,2.89,2.91,1,0
18,r_slow,10,2.78,2.79,1,0
19,l_comf,1,nan,nan,1,0
19,l_comf,2,nan,nan,1,0
19,l_comf,3,nan,nan,1,0
19,l_comf,4,nan,nan,1,0
19,l_comf,5,nan,nan,1,0
19,l_comf,6,nan,nan,1,0
19,l_comf,7,nan,nan,1,0
19,l_comf,8,nan,nan,1,0
19,l_comf,9,nan,nan,1,0
19,l_comf,10,nan,nan,1,0
19,l_fast,1,2.66,6.67,1,0
19,l_fast,2,nan,nan,1,0
19,l_fast,3,nan,nan,1,0
19,l_fast,4,nan,nan,1,0
19,l_fast,5,nan,nan,1,0
19,l_fast,6,nan,nan,1,0
19,l_fast,7,nan,nan,1,0
19,l_fast,8,nan,nan,1,0
19,l_fast,9,nan,nan,1,0
19,l_fast,10,nan,nan,1,0
19,l_slow,1,nan,nan,1,0
19,l_slow,2,nan,nan,1,0
19,l_slow,3,nan,nan,1,0
19,l_slow,4,nan,nan,1,0
19,l_slow,5,nan,nan,1,0
19,l_slow,6,nan,nan,1,0
19,l_slow,7,nan,nan,1,0
19,l_slow,8,nan,nan,1,0
19,l_slow,9,nan,nan,1,0
19,l_slow,10,nan,nan,1,0
19,r_comf,1,2.05,2.09,1,0
19,r_comf,2,2.19,2.36,1,0
19,r_comf,3,2.17,2.6,1,0
19,r_comf,4,2.26,6.14,1,0
19,r_comf,5,2.02,6.04,1,0
19,r_comf,6,1.78,2.4,1,0
19,r_comf,7,2.19,2.23,1,0
19,r_comf,8,1.95,2.04,1,0
19,r_comf,9,2.23,2.34,1,0
19,r_comf,10,1.67,1.91,1,0
19,r_comf,11,2.07,2.19,1,0
19,r_comf,12,2.19,2.51,1,0
19,r_fast,1,2.2,2.53,1,0
19,r_fast,2,2.2,2.48,1,0
19,r_fast,3,2.62,5.98,1,0
19,r_fast,4,2.51,5.94,1,0
19,r_fast,5,2.09,5.21,1,0
19,r_fast,6,2.41,2.42,1,0
19,r_fast,7,2.01,2.18,1,0
19,r_fast,8,2.52,5.88,1,0
19,r_fast,9,2.12,2.27,1,0
19,r_fast,10,2.07,2.18,1,0
19,r_slow,1,2.31,3.02,1,0
19,r_slow,2,1.98,2.58,1,0
19,r_slow,3,2.35,2.5,1,0
19,r_slow,4,2.29,7.31,1,0
19,r_slow,5,1.91,7,1,0
19,r_slow,6,2.15,7.15,1,0
19,r_slow,7,2.54,7.48,1,0
19,r_slow,8,2.49,7.3,1,0
19,r_slow,9,2.15,7.11,1,0
19,r_slow,10,1.78,6.8,1,0
20,l_comf,1,2.83,5.94,1,0
20,l_comf,2,2.85,6.01,1,0
20,l_comf,3,2.69,5.79,1,0
20,l_comf,4,2.72,5.93,1,0
20,l_comf,5,2.93,6.11,1,0
20,l_comf,6,3.04,6.26,1,0
20,l_comf,7,3.27,6.48,1,0
20,l_comf,8,3.15,6.37,1,0
20,l_comf,9,2.98,6.29,1,0
20,l_comf,10,3.08,6.08,1,0
20,l_comf,11,2.9,6,1,0
20,l_fast,1,3.29,6.37,1,0
20,l_fast,2,3.1,6.2,1,0
20,l_fast,3,2.66,5.78,1,0
20,l_fast,4,2.91,6.24,1,0
20,l_fast,5,2.77,5.84,1,0
20,l_fast,6,3.22,6.68,1,0
20,l_fast,7,3.27,6.3,1,0
20,l_fast,8,3.14,6.88,1,0
20,l_fast,9,3,6.34,1,0
20,l_fast,10,3.21,6.53,1,0
20,l_slow,1,3.53,6.88,1,0
20,l_slow,2,2.83,6.09,1,0
20,l_slow,3,3.57,6.72,1,0
20,l_slow,4,3.14,6.85,1,0
20,l_slow,5,2.99,6.37,1,0
20,l_slow,6,3.32,6.72,1,0
20,l_slow,7,3.21,6.48,1,0
20,l_slow,8,2.82,6.24,1,0
20,l_slow,9,2.64,5.94,1,0
20,l_slow,10,2.97,6.3,1,0
20,l_slow,11,3.12,6.36,1,0
20,r_comf,1,2.25,2.45,1,0
20,r_comf,2,2.23,2.35,1,0
20,r_comf,3,2.06,5.29,1,0
20,r_comf,4,2.08,2.35,1,0
20,r_comf,5,2.08,5.3,1,0
20,r_comf,6,1.78,2.12,1,0
20,r_comf,7,1.93,5.27,1,0
20,r_comf,8,1.97,2.28,1,0
20,r_comf,9,1.68,1.95,1,0
20,r_comf,10,1.84,2.08,1,0
20,r_comf,11,1.94,2.16,1,0
20,r_fast,1,2.05,5.34,1,0
20,r_fast,2,2.17,2.3,1,0
20,r_fast,3,2.22,2.23,1,0
20,r_fast,4,2.22,2.23,1,0
20,r_fast,5,1.99,2.02,1,0
20,r_fast,6,2.32,5.32,1,0
20,r_fast,7,2.03,5.24,1,0
20,r_fast,8,1.95,2.14,1,0
20,r_fast,9,1.94,1.97,1,0
20,r_fast,10,1.98,5.43,1,0
20,r_slow,1,2.19,5.67,1,0
20,r_slow,2,1.93,1.97,1,0
20,r_slow,3,1.95,1.97,1,0
20,r_slow,4,1.93,2.23,1,0
20,r_slow,5,2.11,5.38,1,0
20,r_slow,6,1.96,2.08,1,0
20,r_slow,7,1.98,2.22,1,0
20,r_slow,8,1.97,2.22,1,0
20,r_slow,9,2.08,5.54,1,0
20,r_slow,10,2,2.22,1,0
21,l_comf,1,3.24,6.76,1,0
21,l_comf,2,3.09,6.5,1,0
21,l_comf,3,3.05,6.62,1,0
21,l_comf,4,3.32,7.01,1,0
21,l_comf,5,3.26,6.94,1,0
21,l_comf,6,3.54,7.29,1,0
21,l_comf,7,3.27,7.05,1,0
21,l_comf,8,3.08,6.82,1,0
21,l_comf,9,3.54,7.08,1,0
21,l_comf,10,3.32,6.94,1,0
21,l_fast,1,nan,nan,1,0
21,l_fast,2,1.71,4.8,1,0
21,l_fast,3,nan,nan,1,0
21,l_fast,4,nan,nan,1,0
21,l_fast,5,nan,nan,1,0
21,l_fast,6,nan,nan,1,0
21,l_fast,7,nan,nan,1,0
21,l_fast,8,nan,nan,1,0
21,l_fast,9,nan,nan,0,0
21,l_fast,10,nan,nan,1,0
21,l_slow,1,nan,nan,1,0
21,l_slow,2,nan,nan,1,0
21,l_slow,3,nan,nan,1,0
21,l_slow,4,nan,nan,1,0
21,l_slow,5,nan,nan,1,0
21,l_slow,6,nan,nan,1,0
21,l_slow,7,nan,nan,1,0
21,l_slow,8,nan,nan,1,0
21,l_slow,9,nan,nan,1,0
21,l_slow,10,nan,nan,1,0
21,l_slow,11,nan,nan,1,0
21,r_comf,1,2.33,2.8,1,0
21,r_comf,2,2.86,6.34,1,0
21,r_comf,3,2.36,6.4,1,0
21,r_comf,4,2.17,2.41,1,0
21,r_comf,5,2.32,6.53,1,0
21,r_comf,6,2.42,6.46,1,0
21,r_comf,7,2.24,6.44,1,0
21,r_comf,8,3.67,6.81,1,0
21,r_comf,9,2.2,2.26,1,0
21,r_comf,10,2.27,6.29,1,0
21,r_fast,1,2.69,5.58,1,0
21,r_fast,2,2.04,5,1,0
21,r_fast,3,1.84,4.85,1,0
21,r_fast,4,2.18,4.81,1,0
21,r_fast,5,2.1,5.2,1,0
21,r_fast,6,1.78,4.83,1,0
21,r_fast,7,2.76,5.56,1,0
21,r_fast,8,1.94,4.66,1,0
21,r_fast,9,1.95,4.94,1,0
21,r_fast,10,2.09,4.85,1,0
21,r_slow,1,2.43,8.23,1,0
21,r_slow,2,2.8,8.73,1,0
21,r_slow,3,2.48,7.96,1,0
21,r_slow,4,2.57,8.2,1,0
21,r_slow,5,2.76,8.84,1,0
21,r_slow,6,2.34,8.82,1,0
21,r_slow,7,2.6,9.02,1,0
21,r_slow,8,2.46,8.51,1,0
21,r_slow,9,3.12,10.06,1,0
21,r_slow,10,2.48,8.78,1,0
22,l_comf,1,2.72,2.77,1,0
22,l_comf,2,nan,nan,0,0
22,l_comf,3,nan,nan,1,0
22,l_comf,4,nan,nan,1,0
22,l_comf,5,nan,nan,1,0
22,l_comf,6,nan,nan,1,0
22,l_comf,7,2.82,6.22,1,0
22,l_comf,8,nan,nan,1,0
22,l_comf,9,nan,nan,1,0
22,l_comf,10,nan,nan,1,0
22,l_fast,1,nan,nan,1,0
22,l_fast,2,nan,nan,1,0
22,l_fast,3,nan,nan,1,0
22,l_fast,4,2.61,5.41,1,0
22,l_fast,5,2.4,2.43,1,0
22,l_fast,6,nan,nan,1,0
22,l_fast,7,nan,nan,1,0
22,l_fast,8,nan,nan,1,0
22,l_fast,9,2.5,5.47,1,0
22,l_fast,10,2.78,5.44,1,0
22,l_slow,1,nan,nan,1,0
22,l_slow,2,nan,nan,1,0
22,l_slow,3,nan,nan,1,0
22,l_slow,4,nan,nan,1,0
22,l_slow,5,nan,nan,1,0
22,l_slow,6,nan,nan,1,0
22,l_slow,7,nan,nan,1,0
22,l_slow,8,nan,nan,1,0
22,l_slow,9,3.05,5.46,1,0
22,l_slow,10,nan,nan,1,0
22,l_slow,11,nan,nan,1,0
22,r_comf,1,2.59,4.89,1,0
22,r_comf,2,2.55,2.59,1,0
22,r_comf,3,2.42,4.91,1,0
22,r_comf,4,2.52,4.82,1,0
22,r_comf,5,2.33,4.84,1,0
22,r_comf,6,2.33,2.37,1,0
22,r_comf,7,2.28,4.85,1,0
22,r_comf,8,2.18,4.67,1,0
22,r_comf,9,2.31,4.61,1,0
22,r_comf,10,2.54,2.56,1,0
22,r_comf,11,2.37,2.44,1,0
22,r_fast,1,2.27,4.74,1,0
22,r_fast,2,2.17,4.47,1,0
22,r_fast,3,2.19,4.58,1,0
22,r_fast,4,2.26,4.68,1,0
22,r_fast,5,2.25,4.95,1,0
22,r_fast,6,2.04,4.36,1,0
22,r_fast,7,1.93,4.5,1,0
22,r_fast,8,1.96,2.04,1,0
22,r_fast,9,1.96,4.6,1,0
22,r_fast,10,2.18,4.63,1,0
22,r_fast,11,1.99,4.47,1,0
22,r_slow,1,nan,nan,1,0
22,r_slow,2,nan,nan,1,0
22,r_slow,3,nan,nan,1,0
22,r_slow,4,nan,nan,1,0
22,r_slow,5,nan,nan,1,0
22,r_slow,6,nan,nan,1,0
22,r_slow,7,nan,nan,1,0
22,r_slow,8,1.61,4.62,1,0
22,r_slow,9,1.01,1.03,1,0
22,r_slow,10,1.1,4.76,1,0
22,r_slow,11,1.33,1.41,1,0
23,l_comf,1,3.09,6.88,1,0
23,l_comf,2,2.61,6.42,1,0
23,l_comf,3,2.86,6.95,1,0
23,l_comf,4,3.22,7.57,1,0
23,l_comf,5,nan,nan,1,0
23,l_comf,6,nan,nan,1,0
23,l_comf,7,2.69,2.79,1,0
23,l_comf,8,3.03,6.31,1,0
23,l_comf,9,nan,nan,1,0
23,l_comf,10,2.85,2.9,1,0
23,l_fast,1,2.88,6.76,1,0
23,l_fast,2,nan,nan,1,0
23,l_fast,3,nan,nan,1,0
23,l_fast,4,2.85,2.93,1,0
23,l_fast,5,nan,nan,1,0
23,l_fast,6,2.82,2.84,1,0
23,l_fast,7,nan,nan,1,0
23,l_fast,8,2.66,6.88,1,0
23,l_fast,9,2.71,6.29,1,0
23,l_fast,10,2.64,6.99,1,0
23,l_fast,11,2.96,6.88,1,0
23,l_slow,1,3.5,3.54,1,0
23,l_slow,2,3.34,7.88,1,0
23,l_slow,3,3.33,8.03,1,0
23,l_slow,4,3.07,7.77,1,0
23,l_slow,5,3.26,7.69,1,0
23,l_slow,6,3.38,3.42,1,0
23,l_slow,7,nan,nan,1,0
23,l_slow,8,nan,nan,1,0
23,l_slow,9,3.03,8.04,1,0
23,l_slow,10,3.75,8.3,1,0
23,r_comf,1,2.29,2.31,1,0
23,r_comf,2,2.36,2.4,1,0
23,r_comf,3,2.24,2.26,1,0
23,r_comf,4,2.24,2.26,1,0
23,r_comf,5,3.16,5.94,1,0
23,r_comf,6,2.22,2.25,1,0
23,r_comf,7,1.96,1.99,1,0
23,r_comf,8,2.69,2.8,1,0
23,r_comf,9,2.02,2.07,1,0
23,r_comf,10,2.79,2.8,1,0
23,r_fast,1,2.48,5.83,1,0
23,r_fast,2,2.1,2.15,1,0
23,r_fast,3,2.18,2.19,1,0
23,r_fast,4,2.21,2.23,1,0
23,r_fast,5,2.31,5.23,1,0
23,r_fast,6,2.61,5.58,1,0
23,r_fast,7,2.66,5.78,1,0
23,r_fast,8,2.74,5.56,1,0
23,r_fast,9,2.75,5.63,1,0
23,r_fast,10,2.64,2.65,1,0
23,r_slow,1,2.08,5.86,1,0
23,r_slow,2,2.46,6.52,1,0
23,r_slow,3,2.19,2.29,1,0
23,r_slow,4,2.22,2.23,1,0
23,r_slow,5,2.08,2.25,1,0
23,r_slow,6,2.32,2.46,1,0
23,r_slow,7,2.36,2.45,1,0
23,r_slow,8,2.26,2.33,1,0
23,r_slow,9,2.18,6.25,1,0
23,r_slow,10,2.13,2.33,1,0
24,l_comf,1,3.06,5.03,1,0
24,l_comf,2,3.02,5.03,1,0
24,l_comf,3,3.12,5.59,1,0
24,l_comf,4,3.23,5.42,1,0
24,l_comf,5,3.1,5.37,1,0
24,l_comf,6,3.05,5.24,1,0
24,l_comf,7,3.23,5.65,1,0
24,l_comf,8,3.22,5.64,1,0
24,l_comf,9,2.96,5.29,1,0
24,l_comf,10,2.8,5.16,1,0
24,l_fast,1,2.73,4.62,1,0
24,l_fast,2,2.64,4.21,1,0
24,l_fast,3,2.51,4.59,1,0
24,l_fast,4,2.95,4.61,1,0
24,l_fast,5,2.61,4.21,1,0
24,l_fast,6,2.62,4.17,1,0
24,l_fast,7,2.61,4.52,1,0
24,l_fast,8,2.83,4.51,1,0
24,l_fast,9,2.6,4.57,1,0
24,l_fast,10,2.64,4.33,1,0
24,l_slow,1,2.93,5.63,1,0
24,l_slow,2,3.24,5.76,1,0
24,l_slow,3,3.13,5.67,1,0
24,l_slow,4,3.34,5.78,1,0
24,l_slow,5,3.16,3.52,1,0
24,l_slow,6,3.31,5.64,1,0
24,l_slow,7,3.53,5.57,1,0
24,l_slow,8,3.61,5.76,1,0
24,l_slow,9,3.21,6.43,1,0
24,l_slow,10,3.18,6.06,1,0
24,r_comf,1,3.04,4.41,1,0
24,r_comf,2,3.64,5.84,1,0
24,r_comf,3,3.05,4.26,1,0
24,r_comf,4,2.56,3.83,1,0
24,r_comf,5,2.54,3.78,1,0
24,r_comf,6,2.55,4.22,1,0
24,r_comf,7,2.73,4.96,1,0
24,r_comf,8,2.36,4.64,1,0
24,r_comf,9,2.88,4.07,1,0
24,r_comf,10,2.85,3.99,1,0
24,r_fast,1,2.53,4.16,1,0
24,r_fast,2,2.35,3.35,1,0
24,r_fast,3,2.46,3.38,1,0
24,r_fast,4,2.34,3.96,1,0
24,r_fast,5,2.3,3.21,1,0
24,r_fast,6,2.26,3.99,1,0
24,r_fast,7,2.74,4.44,1,0
24,r_fast,8,2.39,3.37,1,0
24,r_fast,9,2.21,3.74,1,0
24,r_fast,10,2.43,4.1,1,0
24,r_slow,1,2.78,5.14,1,0
24,r_slow,2,2.52,5,1,0
24,r_slow,3,2.81,3.04,1,0
24,r_slow,4,2.8,5.37,1,0
24,r_slow,5,3.11,4.97,1,0
24,r_slow,6,2.95,5.5,1,0
24,r_slow,7,3.23,4.53,1,0
24,r_slow,8,3.33,5.1,1,0
24,r_slow,9,2.89,3.02,1,0
24,r_slow,10,2.84,5.12,1,0
25,l_comf,1,nan,nan,1,0
25,l_comf,2,nan,nan,1,0
25,l_comf,3,nan,nan,1,0
25,l_comf,4,3.11,3.15,1,0
25,l_comf,5,nan,nan,1,0
25,l_comf,6,nan,nan,1,0
25,l_comf,7,nan,nan,1,0
25,l_comf,8,nan,nan,1,0
25,l_comf,9,nan,nan,1,0
25,l_comf,10,nan,nan,1,0
25,l_comf,11,nan,nan,1,0
25,l_fast,1,nan,nan,1,0
25,l_fast,2,nan,nan,1,0
25,l_fast,3,nan,nan,1,0
25,l_fast,4,nan,nan,1,0
25,l_fast,5,2.56,2.64,1,0
25,l_fast,6,nan,nan,1,0
25,l_fast,7,nan,nan,1,0
25,l_fast,8,nan,nan,1,0
25,l_fast,9,nan,nan,1,0
25,l_fast,10,nan,nan,1,0
25,l_slow,1,5.53,5.54,1,0
25,l_slow,2,nan,nan,1,0
25,l_slow,3,nan,nan,1,0
25,l_slow,4,nan,nan,1,0
25,l_slow,5,nan,nan,1,0
25,l_slow,6,4.49,4.58,1,0
25,l_slow,7,nan,nan,1,0
25,l_slow,8,nan,nan,1,0
25,l_slow,9,nan,nan,0,0
25,l_slow,10,4.33,4.34,1,0
25,l_slow,11,nan,nan,1,0
25,l_slow,12,nan,nan,1,0
25,l_slow,13,nan,nan,1,0
25,l_slow,14,nan,nan,1,0
25,l_slow,15,nan,nan,1,0
25,r_comf,1,2.01,5.6,1,0
25,r_comf,2,2.1,6.08,1,0
25,r_comf,3,2.06,2.13,1,0
25,r_comf,4,1.76,1.83,1,0
25,r_comf,5,1.9,5.91,1,0
25,r_comf,6,1.96,5.55,1,0
25,r_comf,7,2.04,2.45,1,0
25,r_comf,8,1.89,5.79,1,0
25,r_comf,9,1.96,6,1,0
25,r_comf,10,1.97,5.77,1,0
25,r_comf,11,1.92,5.89,1,0
25,r_comf,12,1.96,5.84,1,0
25,r_comf,13,1.85,5.71,1,0
25,r_comf,14,2.58,6.48,1,0
25,r_fast,1,1.29,1.32,1,0
25,r_fast,2,1.72,1.83,1,0
25,r_fast,3,1.85,1.94,1,0
25,r_fast,4,1.46,1.48,1,0
25,r_fast,5,1.46,1.55,1,0
25,r_fast,6,1.35,1.48,1,0
25,r_fast,7,1.38,5.66,1,0
25,r_fast,8,1.18,1.25,1,0
25,r_fast,9,1.27,1.33,1,0
25,r_fast,10,1.31,1.47,1,0
25,r_slow,1,3.23,3.24,1,0
25,r_slow,2,2.74,2.82,1,0
25,r_slow,3,2.41,2.43,1,0
25,r_slow,4,2.8,2.81,1,0
25,r_slow,5,3.1,7.47,1,0
25,r_slow,6,nan,nan,1,0
25,r_slow,7,nan,nan,1,0
25,r_slow,8,nan,nan,1,0
25,r_slow,9,2.46,2.5,1,0
25,r_slow,10,2.94,7.33,1,0
25,r_slow,11,nan,nan,1,0
25,r_slow,12,nan,nan,1,0
25,r_slow,13,2.88,7.72,1,0
25,r_slow,14,3.51,8.71,1,0
25,r_slow,15,3.05,3.1,1,0
25,r_slow,16,2.82,2.87,1,0
25,r_slow,17,3.35,8.28,1,0
26,l_comf,1,2.64,6.44,1,0
26,l_comf,2,2.49,5.95,1,0
26,l_comf,3,nan,nan,1,0
26,l_comf,4,nan,nan,1,0
26,l_comf,5,nan,nan,1,0
26,l_comf,6,nan,nan,1,0
26,l_comf,7,2.33,6.44,1,0
26,l_comf,8,2.59,6.89,1,0
26,l_comf,9,2.75,8.47,1,0
26,l_comf,10,2.53,6.56,1,0
26,l_fast,1,nan,nan,1,0
26,l_fast,2,2.56,2.62,1,0
26,l_fast,3,2.92,5.67,1,0
26,l_fast,4,3.05,6.53,1,0
26,l_fast,5,2.62,6.06,1,0
26,l_fast,6,2.97,6.93,1,0
26,l_fast,7,3.03,6.02,1,0
26,l_fast,8,2.88,6.42,1,0
26,l_fast,9,3.06,6.72,1,0
26,l_fast,10,2.88,5.76,1,0
26,l_fast,11,2.98,6.5,1,0
26,l_slow,1,nan,nan,1,0
26,l_slow,2,3.31,7.87,1,0
26,l_slow,3,nan,nan,1,0
26,l_slow,4,3.16,7.47,1,0
26,l_slow,5,nan,nan,1,0
26,l_slow,6,2.86,6.68,1,0
26,l_slow,7,2.94,7.69,1,0
26,l_slow,8,2.5,7.11,1,0
26,l_slow,9,2.81,7.26,1,0
26,l_slow,10,2.9,4.65,1,0
26,r_comf,1,nan,nan,1,0
26,r_comf,2,1.47,4.72,1,0
26,r_comf,3,1.13,1.18,1,0
26,r_comf,4,nan,nan,1,0
26,r_comf,5,1.21,1.31,1,0
26,r_comf,6,1.63,5.09,1,0
26,r_comf,7,0.65,4.9,1,0
26,r_comf,8,0.31,4.78,1,0
26,r_comf,9,0.92,1.16,1,0
26,r_comf,10,1.14,4.95,1,0
26,r_fast,1,0.01,4.52,1,0
26,r_fast,2,1.48,1.5,1,0
26,r_fast,3,0.33,0.54,1,0
26,r_fast,4,0.23,0.61,1,0
26,r_fast,5,1.92,5.26,1,0
26,r_fast,6,1.86,5.15,1,0
26,r_fast,7,nan,nan,1,0
26,r_fast,8,1.47,2.1,1,0
26,r_fast,9,0.49,0.55,1,0
26,r_fast,10,1.36,5.04,1,0
26,r_slow,1,1.41,2.05,1,0
26,r_slow,2,nan,nan,1,0
26,r_slow,3,1.32,5.95,1,0
26,r_slow,4,0.05,0.2,1,0
26,r_slow,5,0.57,1.85,1,0
26,r_slow,6,1.98,2.33,1,0
26,r_slow,7,2.31,6.72,1,0
26,r_slow,8,0.06,0.2,1,0
26,r_slow,9,1.28,1.33,1,0
26,r_slow,10,0.13,0.2,1,0
27,l_comf,1,3.19,3.23,1,0
27,l_comf,2,3.13,3.14,1,0
27,l_comf,3,3.73,3.77,1,0
27,l_comf,4,4.58,4.76,1,0
27,l_comf,5,3.12,3.14,1,0
27,l_comf,6,3.95,7.05,1,0
27,l_comf,7,3.34,3.39,1,0
27,l_comf,8,3.37,3.42,1,0
27,l_comf,9,3.15,3.2,1,0
27,l_comf,10,3.43,3.46,1,0
27,l_fast,1,2.91,2.99,1,0
27,l_fast,2,3.31,3.33,1,0
27,l_fast,3,3.01,3.08,1,0
27,l_fast,4,3.75,6.35,1,0
27,l_fast,5,3.59,3.63,1,0
27,l_fast,6,3.47,3.5,1,0
27,l_fast,7,3.15,3.2,1,0
27,l_fast,8,3.44,3.49,1,0
27,l_fast,9,3.52,3.62,1,0
27,l_fast,10,3.38,3.39,1,0
27,l_slow,1,3.39,3.54,1,0
27,l_slow,2,3.24,3.52,1,0
27,l_slow,3,3.48,3.56,1,0
27,l_slow,4,3.3,3.31,1,0
27,l_slow,5,3.27,3.38,1,0
27,l_slow,6,3.19,3.22,1,0
27,l_slow,7,3.74,3.77,1,0
27,l_slow,8,3.48,3.49,1,0
27,l_slow,9,nan,nan,1,0
27,l_slow,10,3.68,3.82,1,0
27,r_comf,1,2.19,5.3,1,0
27,r_comf,2,2.07,5.1,1,0
27,r_comf,3,2.45,5.41,1,0
27,r_comf,4,2.28,2.5,1,0
27,r_comf,5,2.51,5.47,1,0
27,r_comf,6,2.26,5.3,1,0
27,r_comf,7,2.84,5.79,1,0
27,r_comf,8,2.24,5.23,1,0
27,r_comf,9,2.34,5.39,1,0
27,r_comf,10,2.44,2.48,1,0
27,r_fast,1,2.07,4.89,1,0
27,r_fast,2,2.1,4.84,1,0
27,r_fast,3,2,4.76,1,0
27,r_fast,4,1.8,4.55,1,0
27,r_fast,5,1.91,4.79,1,0
27,r_fast,6,1.94,2.06,1,0
27,r_fast,7,1.93,2.23,1,0
27,r_fast,8,2.02,4.78,1,0
27,r_fast,9,1.74,2.16,1,0
27,r_fast,10,2.58,2.64,1,0
27,r_slow,1,1.75,5.03,1,0
27,r_slow,2,2.08,5.34,1,0
27,r_slow,3,1.89,5.11,1,0
27,r_slow,4,2.43,5.63,1,0
27,r_slow,5,2.08,5.41,1,0
27,r_slow,6,1.89,5.22,1,0
27,r_slow,7,2.54,5.77,1,0
27,r_slow,8,2.81,5.98,1,0
27,r_slow,9,2.55,5.64,1,0
27,r_slow,10,2.24,5.58,1,0
27,r_slow,11,2.31,5.43,1,0
28,l_comf,1,nan,nan,1,0
28,l_comf,2,2.37,2.38,1,0
28,l_comf,3,2.12,6.79,1,0
28,l_comf,4,nan,nan,1,0
28,l_comf,5,nan,nan,1,0
28,l_comf,6,nan,nan,1,0
28,l_comf,7,2.32,2.35,1,0
28,l_comf,8,nan,nan,1,0
28,l_comf,9,2.3,6.55,1,0
28,l_comf,10,2.31,2.37,1,0
28,l_fast,1,2.47,2.48,1,0
28,l_fast,2,2.25,2.3,1,0
28,l_fast,3,2.38,2.42,1,0
28,l_fast,4,2.15,2.26,1,0
28,l_fast,5,2.45,2.49,1,0
28,l_fast,6,nan,nan,0,0
28,l_fast,7,2.49,6.37,1,0
28,l_fast,8,2.47,2.55,1,0
28,l_fast,9,2.42,2.48,1,0
28,l_fast,10,2.22,2.26,1,0
28,l_slow,1,2.03,2.07,1,0
28,l_slow,2,2.29,2.41,1,0
28,l_slow,3,2.18,2.33,1,0
28,l_slow,4,2.36,2.45,1,0
28,l_slow,5,nan,nan,1,0
28,l_slow,6,2.38,2.51,1,0
28,l_slow,7,nan,nan,1,0
28,l_slow,8,2.38,2.47,1,0
28,l_slow,9,3.22,3.24,1,0
28,l_slow,10,nan,nan,1,0
28,r_comf,1,nan,nan,1,0
28,r_comf,2,nan,nan,1,0
28,r_comf,3,nan,nan,1,0
28,r_comf,4,nan,nan,1,0
28,r_comf,5,nan,nan,1,0
28,r_comf,6,nan,nan,1,0
28,r_comf,7,nan,nan,1,0
28,r_comf,8,nan,nan,1,0
28,r_comf,9,nan,nan,1,0
28,r_comf,10,nan,nan,1,0
28,r_fast,1,nan,nan,1,0
28,r_fast,2,nan,nan,1,0
28,r_fast,3,nan,nan,1,0
28,r_fast,4,nan,nan,1,0
28,r_fast,5,nan,nan,1,0
28,r_fast,6,nan,nan,1,0
28,r_fast,7,nan,nan,1,0
28,r_fast,8,nan,nan,1,0
28,r_fast,9,nan,nan,1,0
28,r_fast,10,0.02,4.24,1,0
28,r_slow,1,0.01,1,1,0
28,r_slow,2,0.02,3.62,1,0
28,r_slow,3,0.01,4.66,1,0
28,r_slow,4,0.01,5.17,1,0
28,r_slow,5,0.01,4.85,1,0
28,r_slow,6,0.01,0.13,1,0
28,r_slow,7,0.01,3.62,1,0
28,r_slow,8,0.01,5.17,1,0
28,r_slow,9,0.01,5.14,1,0
28,r_slow,10,0.01,5.3,1,0
29,l_comf,1,2.69,2.72,1,0
29,l_comf,2,2.55,2.75,1,0
29,l_comf,3,2.57,2.59,1,0
29,l_comf,4,2.4,2.44,1,0
29,l_comf,5,2.69,2.72,1,0
29,l_comf,6,nan,nan,1,0
29,l_comf,7,2.63,2.82,1,0
29,l_comf,8,nan,nan,1,0
29,l_comf,9,nan,nan,1,0
29,l_comf,10,nan,nan,1,0
29,l_fast,1,2.66,2.69,1,0
29,l_fast,2,2.76,2.79,1,0
29,l_fast,3,2.41,2.43,1,0
29,l_fast,4,2.19,2.24,1,0
29,l_fast,5,2.48,2.82,1,0
29,l_fast,6,2.45,3.7,1,0
29,l_fast,7,2.37,3.61,1,0
29,l_fast,8,2.55,2.58,1,0
29,l_fast,9,2.35,2.44,1,0
29,l_fast,10,2.54,3.61,1,0
29,l_fast,11,2.17,2.24,1,0
29,l_slow,1,2.37,2.42,1,0
29,l_slow,2,nan,nan,1,0
29,l_slow,3,2.77,2.84,1,0
29,l_slow,4,2.39,2.4,1,0
29,l_slow,5,2.72,2.88,1,0
29,l_slow,6,2.74,2.76,1,0
29,l_slow,7,2.61,2.69,1,0
29,l_slow,8,3.04,3.37,1,0
29,l_slow,9,2.58,2.66,1,0
29,l_slow,10,2.68,2.79,1,0
29,r_comf,1,0.44,0.95,1,0
29,r_comf,2,nan,nan,1,0
29,r_comf,3,nan,nan,1,0
29,r_comf,4,nan,nan,1,0
29,r_comf,5,nan,nan,1,0
29,r_comf,6,nan,nan,1,0
29,r_comf,7,nan,nan,0,0
29,r_comf,8,nan,nan,1,0
29,r_comf,9,nan,nan,1,0
29,r_comf,10,0.47,5.52,1,0
29,r_fast,1,nan,nan,1,0
29,r_fast,2,0.01,4.9,1,0
29,r_fast,3,nan,nan,1,0
29,r_fast,4,1.11,3.7,1,0
29,r_fast,5,nan,nan,1,0
29,r_fast,6,0.01,3.7,1,0
29,r_fast,7,0.07,5.47,1,0
29,r_fast,8,0.02,5.79,1,0
29,r_fast,9,0.01,5.47,1,0
29,r_fast,10,0.01,5.79,1,0
29,r_slow,1,0.01,0.95,1,0
29,r_slow,2,0.01,0.86,1,0
29,r_slow,3,0.01,0.1,1,0
29,r_slow,4,0.46,0.86,1,0
29,r_slow,5,0.01,1.19,1,0
29,r_slow,6,0.01,1.19,1,0
29,r_slow,7,0.09,0.1,1,0
29,r_slow,8,0.32,0.39,1,0
29,r_slow,9,0.01,0.86,1,0
29,r_slow,10,0.01,0.39,1,0
30,l_comf,1,3.2,3.3,1,0
30,l_comf,2,nan,nan,1,0
30,l_comf,3,3.6,3.61,1,0
30,l_comf,4,nan,nan,1,0
30,l_comf,5,3.76,3.86,1,0
30,l_comf,6,3.6,3.67,1,0
30,l_comf,7,nan,nan,1,0
30,l_comf,8,3.24,3.42,1,0
30,l_comf,9,3.38,3.46,1,0
30,l_comf,10,nan,nan,1,0
30,l_fast,1,3.16,3.17,1,0
30,l_fast,2,2.37,2.4,1,0
30,l_fast,3,2.62,2.7,1,0
30,l_fast,4,2.58,2.68,1,0
30,l_fast,5,2.65,2.77,1,0
30,l_fast,6,2.46,2.54,1,0
30,l_fast,7,2.48,2.5,1,0
30,l_fast,8,2.51,2.65,1,0
30,l_fast,9,2.58,2.69,1,0
30,l_fast,10,2.47,2.52,1,0
30,l_slow,1,2.63,2.69,1,0
30,l_slow,2,nan,nan,1,0
30,l_slow,3,nan,nan,1,0
30,l_slow,4,2.69,2.73,1,0
30,l_slow,5,2.55,2.6,1,0
30,l_slow,6,nan,nan,1,0
30,l_slow,7,2.52,2.53,1,0
30,l_slow,8,2.65,2.67,1,0
30,l_slow,9,2.55,2.57,1,0
30,l_slow,10,2.46,2.53,1,0
30,l_slow,11,2.52,2.59,1,0
30,l_slow,12,2.54,2.57,1,0
30,r_comf,1,2.08,6.15,1,0
30,r_comf,2,1.85,6.12,1,0
30,r_comf,3,1.98,2.06,1,0
30,r_comf,4,2.26,6.29,1,0
30,r_comf,5,1.9,1.95,1,0
30,r_comf,6,nan,nan,1,0
30,r_comf,7,1.9,5.88,1,0
30,r_comf,8,2.17,6.33,1,0
30,r_comf,9,1.95,1.96,1,0
30,r_comf,10,1.85,6.07,1,0
30,r_fast,1,1.13,5.03,1,0
30,r_fast,2,1.15,5.04,1,0
30,r_fast,3,1.04,4.89,1,0
30,r_fast,4,1.04,4.87,1,0
30,r_fast,5,0.98,0.99,1,0
30,r_fast,6,nan,nan,1,0
30,r_fast,7,1.18,5.25,1,0
30,r_fast,8,1.19,4.78,1,0
30,r_fast,9,0.96,5.14,1,0
30,r_fast,10,1.19,4.96,1,0
30,r_fast,11,1.12,4.83,1,0
30,r_slow,1,1.54,6.11,1,0
30,r_slow,2,1.73,6.64,1,0
30,r_slow,3,nan,nan,1,0
30,r_slow,4,1.65,6.89,1,0
30,r_slow,5,1.68,6.75,1,0
30,r_slow,6,1.61,6.34,1,0
30,r_slow,7,1.71,6.47,1,0
30,r_slow,8,2.03,6.4,1,0
30,r_slow,9,1.76,6.38,1,0
30,r_slow,10,1.83,6.54,1,0
31,l_comf,1,3.24,3.28,1,0
31,l_comf,2,3.27,3.31,1,0
31,l_comf,3,3.3,3.36,1,0
31,l_comf,4,3.29,3.32,1,0
31,l_comf,5,3.15,3.17,1,0
31,l_comf,6,3.65,3.7,1,0
31,l_comf,7,3.55,3.57,1,0
31,l_comf,8,3.43,3.49,1,0
31,l_comf,9,3.52,3.56,1,0
31,l_comf,10,nan,nan,1,0
31,l_fast,1,3.34,3.37,1,0
31,l_fast,2,3.25,3.3,1,0
31,l_fast,3,nan,nan,1,0
31,l_fast,4,3.58,3.62,1,0
31,l_fast,5,4.1,4.19,1,0
31,l_fast,6,nan,nan,1,0
31,l_fast,7,3.29,3.3,1,0
31,l_fast,8,nan,nan,1,0
31,l_fast,9,3.25,3.3,1,0
31,l_fast,10,nan,nan,1,0
31,l_slow,1,3.62,3.67,1,0
31,l_slow,2,3.47,3.52,1,0
31,l_slow,3,3.32,3.37,1,0
31,l_slow,4,3.78,3.79,1,0
31,l_slow,5,3.84,3.88,1,0
31,l_slow,6,3.66,3.72,1,0
31,l_slow,7,3.87,3.93,1,0
31,l_slow,8,nan,nan,1,0
31,l_slow,9,3.49,3.5,1,0
31,l_slow,10,3.75,3.76,1,0
31,r_comf,1,4.66,8.48,1,0
31,r_comf,2,1.66,5.64,1,0
31,r_comf,3,1.79,1.97,1,0
31,r_comf,4,1.52,1.65,1,0
31,r_comf,5,1.31,5.71,1,0
31,r_comf,6,1.41,1.49,1,0
31,r_comf,7,1.77,1.94,1,0
31,r_comf,8,1.61,5.94,1,0
31,r_comf,9,1.37,5.75,1,0
31,r_comf,10,2.32,2.38,1,0
31,r_fast,1,2.21,5.35,1,0
31,r_fast,2,2.06,2.38,1,0
31,r_fast,3,2.17,5.61,1,0
31,r_fast,4,2.06,5.57,1,0
31,r_fast,5,2.11,5.57,1,0
31,r_fast,6,1.98,5.67,1,0
31,r_fast,7,1.87,1.94,1,0
31,r_fast,8,1.83,5.38,1,0
31,r_fast,9,1.68,1.7,1,0
31,r_fast,10,1.82,5.26,1,0
31,r_slow,1,nan,nan,1,0
31,r_slow,2,nan,nan,1,0
31,r_slow,3,nan,nan,1,0
31,r_slow,4,nan,nan,1,0
31,r_slow,5,nan,nan,1,0
31,r_slow,6,nan,nan,1,0
31,r_slow,7,0.02,6.74,1,0
31,r_slow,8,0.01,6.7,1,0
31,r_slow,9,0.04,7.32,1,0
31,r_slow,10,nan,nan,1,0
32,l_comf,1,2.54,6.68,1,0
32,l_comf,2,nan,nan,1,0
32,l_comf,3,2.65,7.1,1,0
32,l_comf,4,2.75,6.99,1,0
32,l_comf,5,nan,nan,1,0
32,l_comf,6,nan,nan,1,0
32,l_comf,7,2.78,7.17,1,0
32,l_comf,8,2.78,2.85,1,0
32,l_comf,9,nan,nan,1,0
32,l_comf,10,nan,nan,1,0
32,l_comf,11,nan,nan,1,0
32,l_fast,1,2.74,5.77,1,0
32,l_fast,2,2.42,6.22,1,0
32,l_fast,3,nan,nan,1,0
32,l_fast,4,2.52,2.53,1,0
32,l_fast,5,2.9,6.64,1,0
32,l_fast,6,2.33,2.35,1,0
32,l_fast,7,nan,nan,1,0
32,l_fast,8,2.42,6.48,1,0
32,l_fast,9,2.48,5.87,1,0
32,l_fast,10,2.39,2.41,1,0
32,l_fast,11,2.76,6.62,1,0
32,l_slow,1,nan,nan,1,0
32,l_slow,2,2.44,2.46,1,0
32,l_slow,3,nan,nan,1,0
32,l_slow,4,nan,nan,1,0
32,l_slow,5,2.3,2.33,1,0
32,l_slow,6,nan,nan,1,0
32,l_slow,7,2.37,2.43,1,0
32,l_slow,8,nan,nan,1,0
32,l_slow,9,nan,nan,1,0
32,l_slow,10,nan,nan,1,0
32,r_comf,1,1.39,6.36,1,0
32,r_comf,2,nan,nan,1,0
32,r_comf,3,0.02,5.96,1,0
32,r_comf,4,nan,nan,1,0
32,r_comf,5,nan,nan,1,0
32,r_comf,6,nan,nan,1,0
32,r_comf,7,nan,nan,1,0
32,r_comf,8,nan,nan,1,0
32,r_comf,9,nan,nan,1,0
32,r_comf,10,nan,nan,1,0
32,r_comf,11,0.07,6.22,1,0
32,r_comf,12,nan,nan,1,0
32,r_fast,1,nan,nan,1,0
32,r_fast,2,nan,nan,1,0
32,r_fast,3,nan,nan,1,0
32,r_fast,4,nan,nan,1,0
32,r_fast,5,nan,nan,1,0
32,r_fast,6,nan,nan,1,0
32,r_fast,7,0.01,5.32,1,0
32,r_fast,8,nan,nan,1,0
32,r_fast,9,nan,nan,1,0
32,r_fast,10,nan,nan,1,0
32,r_slow,1,nan,nan,1,0
32,r_slow,2,nan,nan,1,0
32,r_slow,3,nan,nan,1,0
32,r_slow,4,nan,nan,1,0
32,r_slow,5,nan,nan,1,0
32,r_slow,6,nan,nan,1,0
32,r_slow,7,nan,nan,1,0
32,r_slow,8,nan,nan,1,0
32,r_slow,9,nan,nan,1,0
32,r_slow,10,nan,nan,1,0
32,r_slow,11,nan,nan,1,0
33,l_comf,1,3.11,7.63,1,0
33,l_comf,2,2.5,2.73,1,0
33,l_comf,3,2.43,5.66,1,0
33,l_comf,4,2.64,6.41,1,0
33,l_comf,5,2.55,6.38,1,0
33,l_comf,6,2.71,3.25,1,0
33,l_comf,7,2.69,2.74,1,0
33,l_comf,8,nan,nan,1,0
33,l_comf,9,3.2,6.42,1,0
33,l_comf,10,3.07,3.15,1,0
33,l_fast,1,nan,nan,1,0
33,l_fast,2,3.16,7.72,1,0
33,l_fast,3,2.59,6.89,1,0
33,l_fast,4,2.73,6.95,1,0
33,l_fast,5,3.08,7.2,1,0
33,l_fast,6,3.49,6.66,1,0
33,l_fast,7,3.05,6.2,1,0
33,l_fast,8,2.74,5.53,1,0
33,l_fast,9,2.86,7.07,1,0
33,l_fast,10,nan,nan,1,0
33,l_slow,1,nan,nan,1,0
33,l_slow,2,3.46,10.05,1,0
33,l_slow,3,nan,nan,1,0
33,l_slow,4,nan,nan,0,0
33,l_slow,5,nan,nan,1,0
33,l_slow,6,nan,nan,1,0
33,l_slow,7,nan,nan,1,0
33,l_slow,8,3.62,3.66,1,0
33,l_slow,9,nan,nan,1,0
33,l_slow,10,nan,nan,1,0
33,r_comf,1,2.48,6.38,1,0
33,r_comf,2,2.24,5.84,1,0
33,r_comf,3,1.99,2.01,1,0
33,r_comf,4,2.29,2.37,1,0
33,r_comf,5,2.18,2.27,1,0
33,r_comf,6,2.32,6.26,1,0
33,r_comf,7,2.12,2.48,1,0
33,r_comf,8,1.9,5.6,1,0
33,r_comf,9,2.09,2.16,1,0
33,r_comf,10,1.95,5.58,1,0
33,r_fast,1,2.45,5.36,1,0
33,r_fast,2,2.21,2.34,1,0
33,r_fast,3,2.15,2.17,1,0
33,r_fast,4,2.32,5.05,1,0
33,r_fast,5,2.49,2.73,1,0
33,r_fast,6,2.17,5.3,1,0
33,r_fast,7,2.24,2.37,1,0
33,r_fast,8,1.97,2,1,0
33,r_fast,9,1.94,2.09,1,0
33,r_fast,10,1.97,5.05,1,0
33,r_slow,1,2.23,2.27,1,0
33,r_slow,2,7.29,7.45,1,0
33,r_slow,3,2.43,2.62,1,0
33,r_slow,4,7.23,7.36,1,0
33,r_slow,5,7.03,7.12,1,0
33,r_slow,6,1.24,1.27,1,0
33,r_slow,7,0.26,1.36,1,0
33,r_slow,8,0.06,0.35,1,0
33,r_slow,9,1.36,1.89,0,0
33,r_slow,10,2.29,2.3,1,0
33,r_slow,11,0.01,1.04,1,0
34,l_comf,1,2.52,2.56,1,0
34,l_comf,2,2.53,2.56,1,0
34,l_comf,3,2.69,2.71,1,0
34,l_comf,4,2.44,6.96,1,0
34,l_comf,5,nan,nan,1,0
34,l_comf,6,2.76,6.77,1,0
34,l_comf,7,nan,nan,1,0
34,l_comf,8,nan,nan,1,0
34,l_comf,9,nan,nan,1,0
34,l_comf,10,2.68,2.69,1,0
34,l_fast,1,2.23,5.78,1,0
34,l_fast,2,nan,nan,1,0
34,l_fast,3,2.13,5.7,1,0
34,l_fast,4,2.51,5.18,1,0
34,l_fast,5,nan,nan,1,0
34,l_fast,6,nan,nan,1,0
34,l_fast,7,2.52,6.21,1,0
34,l_fast,8,nan,nan,1,0
34,l_fast,9,nan,nan,1,0
34,l_fast,10,2.55,6.42,1,0
34,l_slow,1,nan,nan,1,0
34,l_slow,2,3.25,7.4,1,0
34,l_slow,3,3.17,7.7,1,0
34,l_slow,4,nan,nan,1,0
34,l_slow,5,3.28,3.32,1,0
34,l_slow,6,3.06,3.07,1,0
34,l_slow,7,3.19,7.6,1,0
34,l_slow,8,3.06,3.14,1,0
34,l_slow,9,7.87,8.57,1,0
34,l_slow,10,nan,nan,1,0
34,r_comf,1,1.67,1.72,1,0
34,r_comf,2,1.16,1.19,1,0
34,r_comf,3,0.28,1.23,1,0
34,r_comf,4,0.08,0.87,1,0
34,r_comf,5,nan,nan,1,0
34,r_comf,6,0.04,0.18,1,0
34,r_comf,7,1.32,1.42,1,0
34,r_comf,8,1.44,1.55,1,0
34,r_comf,9,0.41,0.71,1,0
34,r_comf,10,1.32,1.44,1,0
34,r_fast,1,nan,nan,1,0
34,r_fast,2,nan,nan,1,0
34,r_fast,3,nan,nan,1,0
34,r_fast,4,2.32,5.98,1,0
34,r_fast,5,1.83,1.91,1,0
34,r_fast,6,1.83,4.48,1,0
34,r_fast,7,2.29,2.44,1,0
34,r_fast,8,1.81,4.82,1,0
34,r_fast,9,1.87,5,1,0
34,r_fast,10,1.57,1.71,1,0
34,r_slow,1,nan,nan,1,0
34,r_slow,2,2.31,7.42,1,0
34,r_slow,3,1.25,1.33,1,0
34,r_slow,4,1.76,1.77,1,0
34,r_slow,5,1.72,1.79,1,0
34,r_slow,6,1.22,1.27,1,0
34,r_slow,7,2.82,2.99,1,0
34,r_slow,8,1.69,1.76,1,0
34,r_slow,9,1.09,1.27,1,0
34,r_slow,10,1.51,1.54,1,0
35,l_comf,1,3.07,7.08,1,0
35,l_comf,2,nan,nan,1,0
35,l_comf,3,nan,nan,0,0
35,l_comf,4,nan,nan,1,0
35,l_comf,5,nan,nan,1,0
35,l_comf,6,3.86,7.52,1,0
35,l_comf,7,3.96,7.8,1,0
35,l_comf,8,nan,nan,1,0
35,l_comf,9,nan,nan,1,0
35,l_comf,10,4.08,4.12,1,0
35,l_fast,1,4.14,7.7,1,0
35,l_fast,2,3.94,7.52,1,0
35,l_fast,3,3.88,7.9,1,0
35,l_fast,4,3.64,3.65,1,0
35,l_fast,5,4,8.24,1,0
35,l_fast,6,4.04,7.77,1,0
35,l_fast,7,3.99,7.66,1,0
35,l_fast,8,3.72,7.11,1,0
35,l_fast,9,3.89,7.65,1,0
35,l_fast,10,3.99,7.73,1,0
35,l_slow,1,nan,nan,1,0
35,l_slow,2,nan,nan,1,0
35,l_slow,3,nan,nan,1,0
35,l_slow,4,3.98,8.5,1,0
35,l_slow,5,3.89,8.47,1,0
35,l_slow,6,3.96,3.99,1,0
35,l_slow,7,3.95,3.96,1,0
35,l_slow,8,nan,nan,1,0
35,l_slow,9,4.01,8.62,1,0
35,l_slow,10,3.87,9.06,1,0
35,l_slow,11,4.16,9.56,1,0
35,r_comf,1,nan,nan,1,0
35,r_comf,2,2.69,2.7,1,0
35,r_comf,3,3.59,3.65,1,0
35,r_comf,4,3.75,3.76,1,0
35,r_comf,5,3.41,3.44,1,0
35,r_comf,6,2.97,3.02,1,0
35,r_comf,7,2.52,2.54,1,0
35,r_comf,8,nan,nan,1,0
35,r_comf,9,2.62,2.7,1,0
35,r_comf,10,nan,nan,1,0
35,r_fast,1,4.15,4.23,1,0
35,r_fast,2,4.14,7.8,1,0
35,r_fast,3,4.02,7.95,1,0
35,r_fast,4,3.69,3.71,1,0
35,r_fast,5,3.78,3.79,1,0
35,r_fast,6,3.55,3.56,1,0
35,r_fast,7,3.35,3.39,1,0
35,r_fast,8,4.02,4.04,1,0
35,r_fast,9,4.12,7.65,1,0
35,r_fast,10,4.16,4.24,1,0
35,r_slow,1,nan,nan,1,0
35,r_slow,2,2.64,2.67,1,0
35,r_slow,3,2.9,2.93,1,0
35,r_slow,4,3.03,3.18,1,0
35,r_slow,5,2.7,2.71,1,0
35,r_slow,6,3.02,3.14,1,0
35,r_slow,7,3.58,3.61,1,0
35,r_slow,8,nan,nan,1,0
35,r_slow,9,3.07,3.2,1,0
35,r_slow,10,2.59,2.61,1,0
35,r_slow,11,2.28,2.32,1,0
35,r_slow,12,2.59,2.69,1,0
36,l_comf,1,nan,nan,1,0
36,l_comf,2,2.29,2.3,1,0
36,l_comf,3,nan,nan,1,0
36,l_comf,4,nan,nan,1,0
36,l_comf,5,nan,nan,1,0
36,l_comf,6,2.55,2.57,1,0
36,l_comf,7,nan,nan,1,0
36,l_comf,8,nan,nan,1,0
36,l_comf,9,nan,nan,1,0
36,l_comf,10,nan,nan,1,0
36,l_fast,1,nan,nan,1,0
36,l_fast,2,nan,nan,1,0
36,l_fast,3,nan,nan,1,0
36,l_fast,4,nan,nan,1,0
36,l_fast,5,2.69,2.72,1,0
36,l_fast,6,nan,nan,1,0
36,l_fast,7,nan,nan,1,0
36,l_fast,8,nan,nan,1,0
36,l_fast,9,nan,nan,1,0
36,l_fast,10,nan,nan,1,0
36,l_slow,1,nan,nan,1,0
36,l_slow,2,nan,nan,1,0
36,l_slow,3,nan,nan,1,0
36,l_slow,4,nan,nan,1,0
36,l_slow,5,nan,nan,1,0
36,l_slow,6,nan,nan,1,0
36,l_slow,7,3.14,3.15,1,0
36,l_slow,8,2.37,2.4,1,0
36,l_slow,9,nan,nan,1,0
36,l_slow,10,2.92,2.95,1,0
36,r_comf,1,2.19,2.36,1,0
36,r_comf,2,1.93,1.96,1,0
36,r_comf,3,1.96,1.97,1,0
36,r_comf,4,2.21,6.08,1,0
36,r_comf,5,1.9,2.07,1,0
36,r_comf,6,1.7,1.83,1,0
36,r_comf,7,1.87,1.95,1,0
36,r_comf,8,1.81,1.89,1,0
36,r_comf,9,1.9,1.93,1,0
36,r_comf,10,2.27,2.32,1,0
36,r_fast,1,1.73,1.76,1,0
36,r_fast,2,1.77,1.78,1,0
36,r_fast,3,1.98,2.04,1,0
36,r_fast,4,2.43,5.87,1,0
36,r_fast,5,3.06,3.17,1,0
36,r_fast,6,2.7,2.85,1,0
36,r_fast,7,2.44,2.5,1,0
36,r_fast,8,2.01,2.04,1,0
36,r_fast,9,2.11,2.25,1,0
36,r_fast,10,2.33,2.42,1,0
36,r_slow,1,1.64,1.67,1,0
36,r_slow,2,2.22,2.48,1,0
36,r_slow,3,0.03,0.07,1,0
36,r_slow,4,2.54,2.78,1,0
36,r_slow,5,2.28,2.42,1,0
36,r_slow,6,2.5,2.61,1,0
36,r_slow,7,1.26,1.43,1,0
36,r_slow,8,2.4,2.58,1,0
36,r_slow,9,1.04,1.23,1,0
36,r_slow,10,2.26,2.48,1,0
37,l_comf,1,nan,nan,0,0
37,l_comf,2,nan,nan,0,0
37,l_comf,3,nan,nan,0,0
37,l_comf,4,nan,nan,0,0
37,l_comf,5,2.52,2.56,0,0
37,l_comf,6,nan,nan,0,0
37,l_comf,7,nan,nan,0,0
37,l_comf,8,nan,nan,0,0
37,l_comf,9,nan,nan,0,0
37,l_comf,10,nan,nan,0,0
37,l_comf,11,nan,nan,0,0
37,l_fast,1,nan,nan,0,0
37,l_fast,2,nan,nan,0,0
37,l_fast,3,3.06,3.09,0,0
37,l_fast,4,nan,nan,0,0
37,l_fast,5,nan,nan,0,0
37,l_fast,6,nan,nan,0,0
37,l_fast,7,nan,nan,0,0
37,l_fast,8,2.86,2.87,0,0
37,l_fast,9,nan,nan,0,0
37,l_fast,10,nan,nan,0,0
37,l_slow,1,nan,nan,0,0
37,l_slow,2,nan,nan,0,0
37,l_slow,3,nan,nan,0,0
37,l_slow,4,nan,nan,0,0
37,l_slow,5,nan,nan,0,0
37,l_slow,6,nan,nan,0,0
37,l_slow,7,nan,nan,0,0
37,l_slow,8,nan,nan,0,0
37,l_slow,9,nan,nan,0,0
37,l_slow,10,nan,nan,0,0
37,l_slow,11,nan,nan,0,0
37,r_comf,1,2.55,3.03,0,0
37,r_comf,2,3.11,3.23,0,0
37,r_comf,3,2.61,2.94,0,0
37,r_comf,4,2.93,3.24,0,0
37,r_comf,5,nan,nan,0,0
37,r_comf,6,2.98,3.12,0,0
37,r_comf,7,2.99,3.13,0,0
37,r_comf,8,2.29,2.3,0,0
37,r_comf,9,3.03,3.04,0,0
37,r_comf,10,2.68,2.77,0,0
37,r_fast,1,2.47,2.6,0,0
37,r_fast,2,2.74,2.87,0,0
37,r_fast,3,2.47,2.49,0,0
37,r_fast,4,2.16,2.27,0,0
37,r_fast,5,2.23,2.3,0,0
37,r_fast,6,2.51,2.67,0,0
37,r_fast,7,2.44,2.52,0,0
37,r_fast,8,2.18,2.22,0,0
37,r_fast,9,2.19,2.2,0,0
37,r_fast,10,2.18,2.2,0,0
37,r_slow,1,1.51,1.77,0,0
37,r_slow,2,nan,nan,0,0
37,r_slow,3,0.67,0.88,0,0
37,r_slow,4,0.72,0.8,0,0
37,r_slow,5,nan,nan,0,0
37,r_slow,6,1.07,1.19,0,0
37,r_slow,7,0.89,1.22,0,0
37,r_slow,8,1.11,1.16,0,0
37,r_slow,9,1.21,1.33,0,0
37,r_slow,10,0.01,0.22,0,0
37,r_slow,11,0.04,0.1,0,0
38,l_comf,1,2.72,6.58,1,0
38,l_comf,2,2.98,3.08,1,0
38,l_comf,3,3.06,3.08,1,0
38,l_comf,4,3.7,7.67,1,0
38,l_comf,5,3.8,3.85,0,0
38,l_comf,6,2.91,7,1,0
38,l_comf,7,3.01,7.16,1,0
38,l_comf,8,3.9,8.28,1,0
38,l_comf,9,2.72,6.29,1,0
38,l_comf,10,3.71,7.99,1,0
38,l_fast,1,2.64,5.8,1,0
38,l_fast,2,3.06,6.54,1,0
38,l_fast,3,3.41,6.74,1,0
38,l_fast,4,2.86,6.25,1,0
38,l_fast,5,3.35,7.01,1,0
38,l_fast,6,3.22,6.63,1,0
38,l_fast,7,3.27,6.64,1,0
38,l_fast,8,3.1,6.71,1,0
38,l_fast,9,3.09,3.12,1,0
38,l_fast,10,2.92,6.52,1,0
38,l_slow,1,2.79,7.43,1,0
38,l_slow,2,2.85,2.86,1,0
38,l_slow,3,3.06,7.78,1,0
38,l_slow,4,nan,nan,1,0
38,l_slow,5,2.93,2.95,1,0
38,l_slow,6,3.48,3.53,1,0
38,l_slow,7,2.86,2.88,1,0
38,l_slow,8,nan,nan,1,0
38,l_slow,9,2.72,7.49,1,0
38,l_slow,10,2.96,7.96,1,0
38,r_comf,1,2.48,2.55,1,0
38,r_comf,2,2.52,2.54,1,0
38,r_comf,3,2.26,5.8,1,0
38,r_comf,4,2.99,3.01,1,0
38,r_comf,5,2.96,3.04,1,0
38,r_comf,6,2.35,2.45,1,0
38,r_comf,7,2.83,2.9,1,0
38,r_comf,8,2.93,3.06,1,0
38,r_comf,9,2.85,2.87,1,0
38,r_comf,10,2.44,2.56,1,0
38,r_fast,1,2.25,2.36,1,0
38,r_fast,2,2.29,2.38,1,0
38,r_fast,3,2.31,2.47,1,0
38,r_fast,4,2.15,2.18,1,0
38,r_fast,5,2.07,2.18,1,0
38,r_fast,6,2.33,2.39,1,0
38,r_fast,7,2.19,2.2,1,0
38,r_fast,8,2.68,2.8,1,0
38,r_fast,9,3.07,6.41,1,0
38,r_fast,10,3.77,3.84,1,0
38,r_slow,1,0.04,0.15,1,0
38,r_slow,2,2,2.11,1,0
38,r_slow,3,1.65,1.8,1,0
38,r_slow,4,0.1,0.79,1,0
38,r_slow,5,1.33,1.74,1,0
38,r_slow,6,0.44,2.8,1,0
38,r_slow,7,2,6.9,1,0
38,r_slow,8,2.39,2.56,1,0
38,r_slow,9,0.91,0.96,1,0
38,r_slow,10,nan,nan,1,0
39,l_comf,1,nan,nan,1,0
39,l_comf,2,nan,nan,1,0
39,l_comf,3,nan,nan,1,0
39,l_comf,4,nan,nan,1,0
39,l_comf,5,nan,nan,1,0
39,l_comf,6,nan,nan,1,0
39,l_comf,7,nan,nan,1,0
39,l_comf,8,nan,nan,1,0
39,l_comf,9,nan,nan,1,0
39,l_comf,10,nan,nan,1,0
39,l_comf,11,nan,nan,1,0
39,l_fast,1,nan,nan,1,0
39,l_fast,2,3.29,7.37,1,0
39,l_fast,3,3.33,3.36,1,0
39,l_fast,4,nan,nan,1,0
39,l_fast,5,nan,nan,1,0
39,l_fast,6,nan,nan,1,0
39,l_fast,7,nan,nan,1,0
39,l_fast,8,nan,nan,1,0
39,l_fast,9,nan,nan,1,0
39,l_fast,10,nan,nan,1,0
39,l_slow,1,nan,nan,1,0
39,l_slow,2,nan,nan,1,0
39,l_slow,3,3.18,8.51,1,0
39,l_slow,4,nan,nan,1,0
39,l_slow,5,3.56,6.85,1,0
39,l_slow,6,3.6,3.68,1,0
39,l_slow,7,nan,nan,1,0
39,l_slow,8,3.66,3.71,1,0
39,l_slow,9,nan,nan,1,0
39,l_slow,10,3.61,7.87,1,0
39,l_slow,11,nan,nan,1,0
39,l_slow,12,nan,nan,1,0
39,l_slow,13,nan,nan,1,0
39,r_comf,1,2.97,3.03,1,0
39,r_comf,2,2.35,2.38,1,0
39,r_comf,3,1.73,1.82,1,0
39,r_comf,4,2.51,6.57,1,0
39,r_comf,5,2.11,2.15,1,0
39,r_comf,6,2.23,5.88,0,0
39,r_comf,7,1.94,2.09,1,0
39,r_comf,8,2.36,2.46,1,0
39,r_comf,9,2.12,2.25,1,0
39,r_comf,10,2.1,2.15,1,0
39,r_fast,1,2.78,6.29,1,0
39,r_fast,2,2.19,5.92,1,0
39,r_fast,3,nan,nan,1,0
39,r_fast,4,2.31,6.54,1,0
39,r_fast,5,2.56,2.65,1,0
39,r_fast,6,nan,nan,1,0
39,r_fast,7,1.47,1.5,1,0
39,r_fast,8,1.96,5.72,1,0
39,r_fast,9,2.3,6.22,1,0
39,r_fast,10,2.09,2.18,1,0
39,r_slow,1,nan,nan,1,0
39,r_slow,2,1.59,1.87,1,0
39,r_slow,3,2.23,7.09,1,0
39,r_slow,4,1.73,6.06,1,0
39,r_slow,5,1.65,1.72,1,0
39,r_slow,6,1.8,1.85,1,0
39,r_slow,7,1.91,1.92,1,0
39,r_slow,8,nan,nan,1,0
39,r_slow,9,nan,nan,1,0
39,r_slow,10,1.89,1.92,1,0
40,l_comf,1,2.89,2.9,1,0
40,l_comf,2,2.89,6.77,1,0
40,l_comf,3,nan,nan,1,0
40,l_comf,4,2.92,2.94,1,0
40,l_comf,5,nan,nan,1,0
40,l_comf,6,nan,nan,1,0
40,l_comf,7,3.24,7.24,1,0
40,l_comf,8,3.22,7.51,1,0
40,l_comf,9,2.96,7.26,1,0
40,l_comf,10,3.17,3.18,1,0
40,l_fast,1,nan,nan,1,0
40,l_fast,2,nan,nan,1,0
40,l_fast,3,nan,nan,1,0
40,l_fast,4,2.57,5.85,1,0
40,l_fast,5,2.69,2.7,1,0
40,l_fast,6,nan,nan,1,0
40,l_fast,7,3.08,6.13,1,0
40,l_fast,8,2.4,5.4,1,0
40,l_fast,9,2.33,2.66,1,0
40,l_fast,10,2.5,5.57,1,0
40,l_slow,1,nan,nan,1,0
40,l_slow,2,nan,nan,1,0
40,l_slow,3,3.31,3.33,1,0
40,l_slow,4,nan,nan,1,0
40,l_slow,5,nan,nan,1,0
40,l_slow,6,3.17,7.94,1,0
40,l_slow,7,nan,nan,1,0
40,l_slow,8,nan,nan,1,0
40,l_slow,9,nan,nan,1,0
40,l_slow,10,3.17,3.18,1,0
40,r_comf,1,3.6,3.64,1,0
40,r_comf,2,2.98,2.99,1,0
40,r_comf,3,2.98,2.99,1,0
40,r_comf,4,3.03,3.12,1,0
40,r_comf,5,2.91,7.25,1,0
40,r_comf,6,2.95,3.11,1,0
40,r_comf,7,2.55,2.57,1,0
40,r_comf,8,3.2,3.41,1,0
40,r_comf,9,2.96,3.05,1,0
40,r_comf,10,2.61,2.62,1,0
40,r_fast,1,3.1,6.18,1,0
40,r_fast,2,2.86,2.88,1,0
40,r_fast,3,2.84,6.41,1,0
40,r_fast,4,2.87,2.92,1,0
40,r_fast,5,2.88,6.26,1,0
40,r_fast,6,2.58,5.5,1,0
40,r_fast,7,2.84,2.96,1,0
40,r_fast,8,2.85,2.97,1,0
40,r_fast,9,2.77,2.78,1,0
40,r_fast,10,2.72,2.76,1,0
40,r_slow,1,3.18,7.8,1,0
40,r_slow,2,3.13,7.44,1,0
40,r_slow,3,3.29,8.28,1,0
40,r_slow,4,3.05,8.21,1,0
40,r_slow,5,3.15,3.26,1,0
40,r_slow,6,3.22,7.65,1,0
40,r_slow,7,3.52,3.85,1,0
40,r_slow,8,3.12,8.19,1,0
40,r_slow,9,3.14,7.44,1,0
40,r_slow,10,3.48,7.93,1,0
41,l_comf,1,2.14,2.19,1,0
41,l_comf,2,2.21,2.36,1,0
41,l_comf,3,nan,nan,1,0
41,l_comf,4,nan,nan,1,0
41,l_comf,5,nan,nan,1,0
41,l_comf,6,2.19,2.33,1,0
41,l_comf,7,2.66,2.67,1,0
41,l_comf,8,2.71,2.78,1,0
41,l_comf,9,3.05,3.13,1,0
41,l_comf,10,2.81,2.97,1,0
41,l_fast,1,1.73,1.74,1,0
41,l_fast,2,nan,nan,1,0
41,l_fast,3,nan,nan,1,0
41,l_fast,4,1.86,1.89,1,0
41,l_fast,5,1.95,1.98,1,0
41,l_fast,6,1.79,1.84,1,0
41,l_fast,7,1.78,1.88,1,0
41,l_fast,8,2.33,2.53,1,0
41,l_fast,9,1.69,1.7,1,0
41,l_fast,10,2.15,2.18,1,0
41,l_slow,1,2.44,2.54,1,0
41,l_slow,2,2.24,2.28,1,0
41,l_slow,3,2.46,2.62,1,0
41,l_slow,4,2.27,2.39,1,0
41,l_slow,5,2.74,2.88,1,0
41,l_slow,6,2.48,2.62,1,0
41,l_slow,7,2.52,2.56,1,0
41,l_slow,8,2.23,2.24,1,0
41,l_slow,9,2.36,2.41,1,0
41,l_slow,10,2.48,2.52,1,0
41,r_comf,1,nan,nan,1,0
41,r_comf,2,nan,nan,1,0
41,r_comf,3,nan,nan,1,0
41,r_comf,4,nan,nan,1,0
41,r_comf,5,nan,nan,1,0
41,r_comf,6,nan,nan,1,0
41,r_comf,7,nan,nan,1,0
41,r_comf,8,nan,nan,1,0
41,r_comf,9,nan,nan,1,0
41,r_comf,10,nan,nan,1,0
41,r_fast,1,nan,nan,1,0
41,r_fast,2,nan,nan,1,0
41,r_fast,3,nan,nan,1,0
41,r_fast,4,nan,nan,1,0
41,r_fast,5,nan,nan,1,0
41,r_fast,6,nan,nan,1,0
41,r_fast,7,nan,nan,1,0
41,r_fast,8,nan,nan,1,0
41,r_fast,9,nan,nan,1,0
41,r_fast,10,nan,nan,1,0
41,r_slow,1,nan,nan,1,0
41,r_slow,2,0.8,7.63,1,0
41,r_slow,3,nan,nan,1,0
41,r_slow,4,nan,nan,1,0
41,r_slow,5,nan,nan,1,0
41,r_slow,6,nan,nan,1,0
41,r_slow,7,nan,nan,1,0
41,r_slow,8,nan,nan,1,0
41,r_slow,9,nan,nan,1,0
41,r_slow,10,nan,nan,1,0
42,l_comf,1,3.96,4.14,1,0
42,l_comf,2,3.73,3.89,1,0
42,l_comf,3,3.9,3.93,1,0
42,l_comf,4,4.05,4.21,1,0
42,l_comf,5,3.82,3.84,1,0
42,l_comf,6,3.68,3.84,1,0
42,l_comf,7,3.96,4.01,1,0
42,l_comf,8,3.86,3.95,1,0
42,l_comf,9,4.02,4.16,1,0
42,l_comf,10,nan,nan,1,0
42,l_fast,1,3.93,3.99,1,0
42,l_fast,2,3.52,3.61,1,0
42,l_fast,3,3.72,3.87,1,0
42,l_fast,4,3.74,3.75,1,0
42,l_fast,5,3.88,3.99,1,0
42,l_fast,6,3.96,4.02,1,0
42,l_fast,7,3.59,3.64,1,0
42,l_fast,8,nan,nan,1,0
42,l_fast,9,3.57,3.72,1,0
42,l_fast,10,3.92,3.96,1,0
42,l_fast,11,3.74,3.94,1,0
42,l_slow,1,nan,nan,1,0
42,l_slow,2,nan,nan,1,0
42,l_slow,3,3.85,3.89,1,0
42,l_slow,4,3.99,4.19,1,0
42,l_slow,5,nan,nan,1,0
42,l_slow,6,nan,nan,1,0
42,l_slow,7,4.13,4.19,1,0
42,l_slow,8,4.18,4.3,1,0
42,l_slow,9,nan,nan,1,0
42,l_slow,10,nan,nan,1,0
42,l_slow,11,nan,nan,1,0
42,r_comf,1,2.67,6.41,1,0
42,r_comf,2,2.35,6.19,1,0
42,r_comf,3,2.66,6.47,1,0
42,r_comf,4,2.67,6.45,1,0
42,r_comf,5,2.52,6.3,1,0
42,r_comf,6,2.43,6.21,1,0
42,r_comf,7,2.52,6.37,1,0
42,r_comf,8,2.62,6.41,1,0
42,r_comf,9,2.82,6.75,1,0
42,r_comf,10,2.4,6.25,1,0
42,r_fast,1,3.6,6.76,1,0
42,r_fast,2,3.58,7.19,1,0
42,r_fast,3,3.66,7.13,1,0
42,r_fast,4,3.91,7.35,1,0
42,r_fast,5,3.53,6.96,1,0
42,r_fast,6,4.19,7.61,1,0
42,r_fast,7,3.56,6.9,1,0
42,r_fast,8,3.85,7.14,1,0
42,r_fast,9,4.15,7.75,1,0
42,r_fast,10,3.74,7.41,1,0
42,r_fast,11,3.55,6.91,1,0
42,r_slow,1,2.73,7.51,1,0
42,r_slow,2,2.56,7.49,1,0
42,r_slow,3,2.65,7.39,1,0
42,r_slow,4,2.68,7.34,1,0
42,r_slow,5,2.51,7.19,1,0
42,r_slow,6,2.46,7.18,1,0
42,r_slow,7,2.47,7.14,1,0
42,r_slow,8,2.43,7.02,1,0
42,r_slow,9,2.38,6.85,1,0
42,r_slow,10,2.43,7.08,1,0
42,r_slow,11,2.39,6.88,1,0
43,l_comf,1,3.17,3.19,1,0
43,l_comf,2,nan,nan,1,0
43,l_comf,3,3.11,3.16,1,0
43,l_comf,4,3.03,3.11,1,0
43,l_comf,5,nan,nan,1,0
43,l_comf,6,nan,nan,1,0
43,l_comf,7,3.63,3.68,1,0
43,l_comf,8,3.23,3.25,1,0
43,l_comf,9,3.26,3.32,1,0
43,l_comf,10,3.44,3.47,1,0
43,l_fast,1,nan,nan,1,0
43,l_fast,2,nan,nan,1,0
43,l_fast,3,2.69,2.71,1,0
43,l_fast,4,nan,nan,1,0
43,l_fast,5,3.14,3.23,1,0
43,l_fast,6,nan,nan,1,0
43,l_fast,7,3.98,4,1,0
43,l_fast,8,nan,nan,1,0
43,l_fast,9,nan,nan,1,0
43,l_fast,10,nan,nan,1,0
43,l_fast,11,2.94,3.05,1,0
43,l_fast,12,3.08,3.22,1,0
43,l_slow,1,3.27,3.44,1,0
43,l_slow,2,3.58,3.6,1,0
43,l_slow,3,3.55,3.57,1,0
43,l_slow,4,nan,nan,1,0
43,l_slow,5,3.28,3.36,1,0
43,l_slow,6,nan,nan,1,0
43,l_slow,7,4,4.02,1,0
43,l_slow,8,3.05,3.11,1,0
43,l_slow,9,nan,nan,0,0
43,l_slow,10,nan,nan,1,0
43,l_slow,11,nan,nan,1,0
43,l_slow,12,nan,nan,1,0
43,l_slow,13,nan,nan,1,0
43,l_slow,14,2.99,3,1,0
43,r_comf,1,2.62,6.03,1,0
43,r_comf,2,2.57,5.91,1,0
43,r_comf,3,2.28,5.53,1,0
43,r_comf,4,2.53,5.79,1,0
43,r_comf,5,2.4,5.93,1,0
43,r_comf,6,2.34,5.71,1,0
43,r_comf,7,2.24,5.78,1,0
43,r_comf,8,2.76,6.51,1,0
43,r_comf,9,2.67,5.82,1,0
43,r_comf,10,2.4,6.04,1,0
43,r_comf,11,2.87,6.54,1,0
43,r_fast,1,2.08,2.11,1,0
43,r_fast,2,1.67,4.47,1,0
43,r_fast,3,2,5.42,1,0
43,r_fast,4,2.25,5.6,1,0
43,r_fast,5,1.88,4.87,1,0
43,r_fast,6,2,5.56,1,0
43,r_fast,7,2.05,5.13,1,0
43,r_fast,8,1.83,4.9,1,0
43,r_fast,9,2.35,5.59,1,0
43,r_fast,10,1.97,5.05,1,0
43,r_slow,1,2.33,7.16,1,0
43,r_slow,2,2.28,8.67,1,0
43,r_slow,3,2.3,7.17,1,0
43,r_slow,4,2.15,6.99,1,0
43,r_slow,5,nan,nan,0,0
43,r_slow,6,2.07,6.86,1,0
43,r_slow,7,2.11,7.19,1,0
43,r_slow,8,2.62,7.53,1,0
43,r_slow,9,2.38,6.66,1,0
43,r_slow,10,2.5,2.68,1,0
43,r_slow,11,2.58,7.48,1,0
44,l_comf,1,nan,nan,1,0
44,l_comf,2,2.75,2.78,1,0
44,l_comf,3,2.75,2.87,1,0
44,l_comf,4,2.9,3.03,1,0
44,l_comf,5,nan,nan,1,0
44,l_comf,6,2.98,2.99,1,0
44,l_comf,7,3.03,3.06,1,0
44,l_comf,8,2.94,3.11,1,0
44,l_comf,9,2.95,2.96,1,0
44,l_comf,10,nan,nan,1,0
44,l_fast,1,nan,nan,1,0
44,l_fast,2,nan,nan,1,0
44,l_fast,3,4.41,4.42,1,0
44,l_fast,4,nan,nan,1,0
44,l_fast,5,3.95,4.05,1,0
44,l_fast,6,nan,nan,1,0
44,l_fast,7,nan,nan,1,0
44,l_fast,8,nan,nan,1,0
44,l_fast,9,4.23,4.24,1,0
44,l_fast,10,4.1,4.12,1,0
44,l_slow,1,3.79,3.84,1,0
44,l_slow,2,nan,nan,1,0
44,l_slow,3,nan,nan,1,0
44,l_slow,4,nan,nan,1,0
44,l_slow,5,3.99,4.07,1,0
44,l_slow,6,3.88,3.91,1,0
44,l_slow,7,nan,nan,1,0
44,l_slow,8,3.74,3.85,1,0
44,l_slow,9,3.99,4,1,0
44,l_slow,10,4.03,4.04,1,0
44,r_comf,1,2.93,3.15,1,0
44,r_comf,2,2.57,6.82,1,0
44,r_comf,3,2.41,2.59,1,0
44,r_comf,4,2.31,2.33,1,0
44,r_comf,5,2.13,6.1,1,0
44,r_comf,6,2.44,6.82,1,0
44,r_comf,7,2.56,6.95,1,0
44,r_comf,8,2.66,7.56,1,0
44,r_comf,9,2.3,7.05,1,0
44,r_comf,10,2.72,7.48,1,0
44,r_comf,11,2.58,7.28,1,0
44,r_comf,12,2.73,7.49,1,0
44,r_comf,13,2.46,6.64,1,0
44,r_fast,1,2.66,6.81,1,0
44,r_fast,2,2.59,2.61,1,0
44,r_fast,3,2.48,6.51,1,0
44,r_fast,4,2.46,6.57,1,0
44,r_fast,5,2.93,6.93,1,0
44,r_fast,6,2.81,6.78,1,0
44,r_fast,7,2.79,7.16,1,0
44,r_fast,8,2.73,6.79,1,0
44,r_fast,9,2.9,2.96,1,0
44,r_fast,10,2.35,6.48,1,0
44,r_slow,1,2.73,7.82,1,0
44,r_slow,2,2.35,2.44,1,0
44,r_slow,3,2.74,7.53,1,0
44,r_slow,4,2.49,7.43,1,0
44,r_slow,5,2.58,2.75,1,0
44,r_slow,6,2.6,7.53,1,0
44,r_slow,7,2.62,7.33,1,0
44,r_slow,8,2.55,7.53,1,0
44,r_slow,9,2.64,7.09,1,0
44,r_slow,10,2.59,7.41,1,0
45,l_comf,1,3.81,8.09,1,0
45,l_comf,2,3.55,3.57,1,0
45,l_comf,3,3.55,3.57,1,0
45,l_comf,4,3.96,8.25,1,0
45,l_comf,5,3.62,7.79,1,0
45,l_comf,6,3.85,3.88,1,0
45,l_comf,7,3.78,3.88,1,0
45,l_comf,8,4.08,8.36,1,0
45,l_comf,9,3.78,7.93,1,0
45,l_comf,10,3.72,8.01,1,0
45,l_comf,11,3.7,3.74,1,0
45,l_fast,1,3.5,3.52,1,0
45,l_fast,2,3.18,3.35,1,0
45,l_fast,3,3.02,3.09,1,0
45,l_fast,4,2.65,2.67,1,0
45,l_fast,5,2.95,3.07,1,0
45,l_fast,6,2.88,3.11,1,0
45,l_fast,7,3.44,3.49,1,0
45,l_fast,8,3.16,3.23,1,0
45,l_fast,9,2.72,2.73,1,0
45,l_fast,10,3.03,3.13,1,0
45,l_slow,1,3.28,3.29,1,0
45,l_slow,2,3.25,3.31,1,0
45,l_slow,3,3.1,3.15,1,0
45,l_slow,4,2.95,2.97,1,0
45,l_slow,5,3.34,3.36,1,0
45,l_slow,6,3.06,3.08,1,0
45,l_slow,7,3.58,3.63,1,0
45,l_slow,8,2.86,2.9,1,0
45,l_slow,9,4.03,8.73,1,0
45,l_slow,10,3.27,3.29,1,0
45,r_comf,1,2.59,6.69,1,0
45,r_comf,2,2.55,6.6,1,0
45,r_comf,3,2.71,2.88,1,0
45,r_comf,4,2.57,6.62,1,0
45,r_comf,5,2.68,6.78,1,0
45,r_comf,6,2.48,6.64,1,0
45,r_comf,7,2.36,6.42,1,0
45,r_comf,8,2.24,6.21,1,0
45,r_comf,9,2.22,2.37,1,0
45,r_comf,10,2.72,6.98,1,0
45,r_comf,11,2.4,2.51,1,0
45,r_fast,1,1.96,2.12,1,0
45,r_fast,2,2.06,2.57,1,0
45,r_fast,3,2.06,2.46,1,0
45,r_fast,4,1.96,5.84,1,0
45,r_fast,5,1.9,2.01,1,0
45,r_fast,6,2.17,2.28,1,0
45,r_fast,7,3.21,4.56,1,0
45,r_fast,8,1.77,3.14,1,0
45,r_fast,9,1.75,1.91,1,0
45,r_fast,10,1.84,1.99,1,0
45,r_slow,1,0.01,6.49,1,0
45,r_slow,2,nan,nan,1,0
45,r_slow,3,nan,nan,1,0
45,r_slow,4,0.01,1.63,1,0
45,r_slow,5,nan,nan,1,0
45,r_slow,6,1.47,1.51,1,0
45,r_slow,7,1.05,5.93,1,0
45,r_slow,8,0.16,6.72,1,0
45,r_slow,9,nan,nan,1,0
45,r_slow,10,1.55,1.85,1,0
45,r_slow,11,nan,nan,1,0
46,l_comf,1,2.63,2.68,1,0
46,l_comf,2,2.84,2.88,1,0
46,l_comf,3,nan,nan,1,0
46,l_comf,4,2.45,2.46,1,0
46,l_comf,5,2.42,2.43,1,0
46,l_comf,6,2.95,2.97,1,0
46,l_comf,7,2.87,2.88,1,0
46,l_comf,8,2.87,2.9,1,0
46,l_comf,9,2.93,2.99,1,0
46,l_comf,10,2.26,2.31,1,0
46,l_fast,1,2.55,2.62,1,0
46,l_fast,2,2.64,2.65,1,0
46,l_fast,3,2.6,2.64,1,0
46,l_fast,4,2.49,2.5,1,0
46,l_fast,5,2.49,2.5,1,0
46,l_fast,6,2.64,2.66,1,0
46,l_fast,7,2.54,2.61,1,0
46,l_fast,8,2.47,2.48,1,0
46,l_fast,9,2.33,2.34,1,0
46,l_fast,10,2.68,2.78,1,0
46,l_slow,1,2.79,2.86,1,0
46,l_slow,2,2.46,2.5,1,0
46,l_slow,3,2.68,2.7,1,0
46,l_slow,4,3.01,3.02,1,0
46,l_slow,5,2.64,2.71,1,0
46,l_slow,6,2.58,2.93,1,0
46,l_slow,7,2.76,2.96,1,0
46,l_slow,8,2.65,3.05,1,0
46,l_slow,9,2.63,2.75,1,0
46,l_slow,10,2.71,2.75,1,0
46,l_slow,11,nan,nan,1,0
46,r_comf,1,nan,nan,1,0
46,r_comf,2,nan,nan,1,0
46,r_comf,3,nan,nan,1,0
46,r_comf,4,nan,nan,1,0
46,r_comf,5,nan,nan,1,0
46,r_comf,6,nan,nan,1,0
46,r_comf,7,nan,nan,1,0
46,r_comf,8,nan,nan,1,0
46,r_comf,9,nan,nan,1,0
46,r_comf,10,nan,nan,1,0
46,r_fast,1,1.35,5.05,1,0
46,r_fast,2,1.32,1.43,1,0
46,r_fast,3,1.12,1.23,1,0
46,r_fast,4,1.45,1.49,1,0
46,r_fast,5,1.28,3.62,1,0
46,r_fast,6,1.33,1.55,1,0
46,r_fast,7,1.56,4.8,1,0
46,r_fast,8,1.28,4.44,1,0
46,r_fast,9,1.25,1.49,1,0
46,r_fast,10,1.47,1.68,1,0
46,r_slow,1,0.01,1.55,1,0
46,r_slow,2,nan,nan,1,0
46,r_slow,3,nan,nan,1,0
46,r_slow,4,0.01,6.5,1,0
46,r_slow,5,nan,nan,1,0
46,r_slow,6,nan,nan,1,0
46,r_slow,7,nan,nan,1,0
46,r_slow,8,0.01,1.49,1,0
46,r_slow,9,nan,nan,1,0
46,r_slow,10,nan,nan,1,0
46,r_slow,11,0.01,1.49,1,0
47,l_comf,1,2.34,2.35,1,0
47,l_comf,2,nan,nan,1,0
47,l_comf,3,nan,nan,1,0
47,l_comf,4,nan,nan,1,0
47,l_comf,5,2.38,2.4,1,0
47,l_comf,6,2.27,2.29,1,0
47,l_comf,7,nan,nan,1,0
47,l_comf,8,nan,nan,1,0
47,l_comf,9,nan,nan,1,0
47,l_comf,10,nan,nan,1,0
47,l_fast,1,nan,nan,1,0
47,l_fast,2,nan,nan,1,0
47,l_fast,3,nan,nan,1,0
47,l_fast,4,nan,nan,1,0
47,l_fast,5,nan,nan,1,0
47,l_fast,6,nan,nan,1,0
47,l_fast,7,nan,nan,1,0
47,l_fast,8,nan,nan,1,0
47,l_fast,9,nan,nan,1,0
47,l_fast,10,2.14,2.16,1,0
47,l_slow,1,nan,nan,1,0
47,l_slow,2,nan,nan,1,0
47,l_slow,3,2.27,2.29,1,0
47,l_slow,4,nan,nan,1,0
47,l_slow,5,nan,nan,1,0
47,l_slow,6,nan,nan,1,0
47,l_slow,7,nan,nan,1,0
47,l_slow,8,nan,nan,1,0
47,l_slow,9,nan,nan,1,0
47,l_slow,10,2.43,2.44,1,0
47,r_comf,1,nan,nan,1,0
47,r_comf,2,nan,nan,1,0
47,r_comf,3,nan,nan,1,0
47,r_comf,4,nan,nan,1,0
47,r_comf,5,0.01,5.75,1,0
47,r_comf,6,0.24,5.77,1,0
47,r_comf,7,0.51,1.18,1,0
47,r_comf,8,0.01,5.78,1,0
47,r_comf,9,nan,nan,1,0
47,r_comf,10,0.65,5.63,1,0
47,r_fast,1,nan,nan,1,0
47,r_fast,2,0.02,5.24,1,0
47,r_fast,3,0.06,0.27,1,0
47,r_fast,4,0.18,0.25,1,0
47,r_fast,5,nan,nan,1,0
47,r_fast,6,0.04,0.59,1,0
47,r_fast,7,nan,nan,1,0
47,r_fast,8,nan,nan,1,0
47,r_fast,9,0.31,0.5,1,0
47,r_fast,10,nan,nan,1,0
47,r_slow,1,0.03,5.47,1,0
47,r_slow,2,0.14,5.3,1,0
47,r_slow,3,0.01,5.19,1,0
47,r_slow,4,0.65,5.65,1,0
47,r_slow,5,0.01,5.48,1,0
47,r_slow,6,nan,nan,1,0
47,r_slow,7,0.03,5.22,1,0
47,r_slow,8,0.12,5.74,1,0
47,r_slow,9,nan,nan,1,0
47,r_slow,10,0.09,6.78,1,0
47,r_slow,11,0.35,5.76,1,0
48,l_comf,1,nan,nan,1,0
48,l_comf,2,1.43,1.52,1,0
48,l_comf,3,nan,nan,1,0
48,l_comf,4,1.43,1.45,1,0
48,l_comf,5,1.43,1.48,1,0
48,l_comf,6,nan,nan,1,0
48,l_comf,7,1.74,1.75,1,0
48,l_comf,8,nan,nan,1,0
48,l_comf,9,1.33,1.45,1,0
48,l_comf,10,1.43,1.52,1,0
48,l_fast,1,nan,nan,1,0
48,l_fast,2,2.35,5.96,1,0
48,l_fast,3,2.24,6.31,1,0
48,l_fast,4,2.64,6.31,1,0
48,l_fast,5,nan,nan,1,0
48,l_fast,6,nan,nan,1,0
48,l_fast,7,nan,nan,1,0
48,l_fast,8,nan,nan,1,0
48,l_fast,9,nan,nan,1,0
48,l_fast,10,nan,nan,1,0
48,l_slow,1,1.03,1.06,1,0
48,l_slow,2,1.1,1.16,1,0
48,l_slow,3,1.11,1.12,1,0
48,l_slow,4,1.13,1.15,1,0
48,l_slow,5,1.24,1.29,1,0
48,l_slow,6,1.2,1.21,1,0
48,l_slow,7,0.82,0.84,1,0
48,l_slow,8,1.1,1.14,1,0
48,l_slow,9,nan,nan,1,0
48,l_slow,10,1.31,1.35,1,0
48,r_comf,1,nan,nan,1,0
48,r_comf,2,nan,nan,1,0
48,r_comf,3,nan,nan,1,0
48,r_comf,4,nan,nan,1,0
48,r_comf,5,nan,nan,1,0
48,r_comf,6,nan,nan,1,0
48,r_comf,7,nan,nan,1,0
48,r_comf,8,nan,nan,1,0
48,r_comf,9,nan,nan,1,0
48,r_comf,10,nan,nan,1,0
48,r_comf,11,nan,nan,1,0
48,r_fast,1,0.01,4.28,1,0
48,r_fast,2,0.01,4.26,1,0
48,r_fast,3,0.01,4.06,1,0
48,r_fast,4,0.01,3.72,1,0
48,r_fast,5,2.46,4.88,1,0
48,r_fast,6,0.01,4.06,0,0
48,r_fast,7,0.01,4.06,1,0
48,r_fast,8,0.01,0.28,1,0
48,r_fast,9,0.01,4.31,1,0
48,r_fast,10,0.01,4.42,1,0
48,r_fast,11,0.01,4.4,1,0
48,r_slow,1,nan,nan,1,0
48,r_slow,2,nan,nan,1,0
48,r_slow,3,nan,nan,1,0
48,r_slow,4,nan,nan,1,0
48,r_slow,5,nan,nan,1,0
48,r_slow,6,nan,nan,1,0
48,r_slow,7,nan,nan,1,0
48,r_slow,8,nan,nan,1,0
48,r_slow,9,nan,nan,1,0
48,r_slow,10,nan,nan,1,0
49,l_comf,1,3.01,3.05,0,0
49,l_comf,2,nan,nan,0,0
49,l_comf,3,2.92,2.99,0,0
49,l_comf,4,nan,nan,0,0
49,l_comf,5,2.98,2.99,0,0
49,l_comf,6,nan,nan,0,0
49,l_comf,7,2.76,2.8,0,0
49,l_comf,8,nan,nan,0,0
49,l_comf,9,2.75,2.78,0,0
49,l_comf,10,nan,nan,0,0
49,l_fast,1,2.42,2.68,0,0
49,l_fast,2,2.82,3.91,0,0
49,l_fast,3,2.46,2.47,0,0
49,l_fast,4,2.6,2.64,0,0
49,l_fast,5,2.48,2.5,0,0
49,l_fast,6,2.8,3.21,0,0
49,l_fast,7,nan,nan,0,0
49,l_fast,8,2.41,2.42,0,0
49,l_fast,9,2.46,5.39,0,0
49,l_fast,10,2.65,2.68,0,0
49,l_slow,1,3.02,3.03,0,0
49,l_slow,2,3.04,3.12,0,0
49,l_slow,3,2.95,2.97,0,0
49,l_slow,4,3.34,3.37,0,0
49,l_slow,5,3.58,7.42,0,0
49,l_slow,6,2.98,2.99,0,0
49,l_slow,7,3.06,3.08,0,0
49,l_slow,8,4,5.98,0,0
49,l_slow,9,3.6,6.04,0,0
49,l_slow,10,3.09,3.1,0,0
49,r_comf,1,nan,nan,0,0
49,r_comf,2,0.12,1.16,0,0
49,r_comf,3,nan,nan,0,0
49,r_comf,4,0.02,0.06,0,0
49,r_comf,5,nan,nan,0,0
49,r_comf,6,nan,nan,0,0
49,r_comf,7,0.02,5.25,0,0
49,r_comf,8,nan,nan,0,0
49,r_comf,9,nan,nan,0,0
49,r_comf,10,0.06,5.5,0,0
49,r_comf,11,nan,nan,0,0
49,r_fast,1,nan,nan,0,0
49,r_fast,2,nan,nan,0,0
49,r_fast,3,0.11,2.47,0,0
49,r_fast,4,4.46,4.48,0,0
49,r_fast,5,0.81,1.33,0,0
49,r_fast,6,2.1,3.87,0,0
49,r_fast,7,nan,nan,0,0
49,r_fast,8,3.74,3.88,0,0
49,r_fast,9,4.05,4.39,0,0
49,r_fast,10,0.36,4.06,0,0
49,r_fast,11,3.67,3.91,0,0
49,r_slow,1,0.01,2.23,0,0
49,r_slow,2,nan,nan,0,0
49,r_slow,3,0.23,0.38,0,0
49,r_slow,4,0.01,1.47,0,0
49,r_slow,5,nan,nan,0,0
49,r_slow,6,nan,nan,0,0
49,r_slow,7,nan,nan,0,0
49,r_slow,8,nan,nan,0,0
49,r_slow,9,0.08,1.14,0,0
49,r_slow,10,1.58,6.09,0,0
49,r_slow,11,1.69,1.99,0,0
49,r_slow,12,nan,nan,0,0
50,l_comf,1,nan,nan,0,0
50,l_comf,2,nan,nan,1,0
50,l_comf,3,nan,nan,1,0
50,l_comf,4,2.1,2.12,1,0
50,l_comf,5,nan,nan,1,0
50,l_comf,6,2.13,2.14,1,0
50,l_comf,7,2.43,2.49,1,0
50,l_comf,8,2.06,2.12,1,0
50,l_comf,9,2.1,2.21,1,0
50,l_comf,10,2.72,2.74,1,0
50,l_fast,1,nan,nan,1,0
50,l_fast,2,nan,nan,1,0
50,l_fast,3,nan,nan,1,0
50,l_fast,4,2.53,2.56,1,0
50,l_fast,5,2.71,2.81,1,0
50,l_fast,6,3,3.09,1,0
50,l_fast,7,2.6,2.63,1,0
50,l_fast,8,nan,nan,1,0
50,l_fast,9,2.74,2.81,1,0
50,l_fast,10,3.43,3.45,1,0
50,l_fast,11,2.6,2.61,1,0
50,l_slow,1,2.54,2.59,1,0
50,l_slow,2,nan,nan,1,0
50,l_slow,3,2.08,2.15,1,0
50,l_slow,4,2.15,2.21,1,0
50,l_slow,5,2.17,2.21,1,0
50,l_slow,6,2.45,2.54,1,0
50,l_slow,7,2.23,2.27,1,0
50,l_slow,8,1.95,2,1,0
50,l_slow,9,2.15,2.2,1,0
50,l_slow,10,nan,nan,1,0
50,l_slow,11,nan,nan,1,0
50,r_comf,1,2.49,5.63,1,0
50,r_comf,2,2.23,2.57,1,0
50,r_comf,3,2.27,5.69,1,0
50,r_comf,4,2.23,2.47,1,0
50,r_comf,5,2.03,5.35,1,0
50,r_comf,6,1.59,4.79,1,0
50,r_comf,7,1.58,4.79,1,0
50,r_comf,8,1.59,5.02,1,0
50,r_comf,9,1.65,1.89,1,0
50,r_comf,10,2.12,2.18,1,0
50,r_comf,11,1.62,1.76,1,0
50,r_comf,12,1.82,5.16,0,0
50,r_comf,13,2.04,5.35,1,0
50,r_comf,14,1.94,2,1,0
50,r_fast,1,0.39,3.86,1,0
50,r_fast,2,0.48,0.53,1,0
50,r_fast,3,0.57,0.64,1,0
50,r_fast,4,0.85,3.91,1,0
50,r_fast,5,0.45,0.48,1,0
50,r_fast,6,0.98,1.04,1,0
50,r_fast,7,0.83,0.93,1,0
50,r_fast,8,0.89,0.95,1,0
50,r_fast,9,0.96,4.2,1,0
50,r_fast,10,0.82,4.14,1,0
50,r_slow,1,1.3,1.33,1,0
50,r_slow,2,0.87,0.93,1,0
50,r_slow,3,1.64,1.69,1,0
50,r_slow,4,0.86,1.04,1,0
50,r_slow,5,1.24,1.34,1,0
50,r_slow,6,1.12,1.16,1,0
50,r_slow,7,0.95,5.19,1,0
50,r_slow,8,1.23,5.33,1,0
50,r_slow,9,1.09,1.1,1,0
50,r_slow,10,1.69,1.73,1,0
50,r_slow,11,0.92,0.98,1,0
51,l_comf,1,2.97,2.98,1,0
51,l_comf,2,2.86,2.95,1,0
51,l_comf,3,2.76,2.77,1,0
51,l_comf,4,2.96,2.98,1,0
51,l_comf,5,3.13,3.15,1,0
51,l_comf,6,3.3,3.31,1,0
51,l_comf,7,3.19,3.22,1,0
51,l_comf,8,nan,nan,1,0
51,l_comf,9,2.57,2.59,1,0
51,l_comf,10,nan,nan,1,0
51,l_fast,1,3.14,3.24,1,0
51,l_fast,2,nan,nan,1,0
51,l_fast,3,2.91,3.04,1,0
51,l_fast,4,nan,nan,1,0
51,l_fast,5,3.49,3.52,1,0
51,l_fast,6,3.17,3.19,1,0
51,l_fast,7,3.13,3.14,1,0
51,l_fast,8,3.42,3.43,1,0
51,l_fast,9,nan,nan,1,0
51,l_fast,10,3.26,3.27,1,0
51,l_slow,1,2.98,3.03,1,0
51,l_slow,2,3.06,3.07,1,0
51,l_slow,3,3.07,3.1,1,0
51,l_slow,4,2.91,2.93,1,0
51,l_slow,5,2.96,3,1,0
51,l_slow,6,3.09,3.1,1,0
51,l_slow,7,3.22,3.25,1,0
51,l_slow,8,3.23,3.28,1,0
51,l_slow,9,2.91,2.92,1,0
51,l_slow,10,3.12,3.14,1,0
51,r_comf,1,nan,nan,1,0
51,r_comf,2,1.43,1.8,1,0
51,r_comf,3,0.87,1.56,1,0
51,r_comf,4,1.42,6.38,1,0
51,r_comf,5,0.73,1.44,1,0
51,r_comf,6,0.96,5.9,1,0
51,r_comf,7,1.59,7.1,1,0
51,r_comf,8,1.56,6.75,1,0
51,r_comf,9,1.22,6.08,1,0
51,r_comf,10,1.43,6.38,1,0
51,r_fast,1,2.98,6.92,1,0
51,r_fast,2,3.37,7.16,1,0
51,r_fast,3,2.55,6.48,1,0
51,r_fast,4,3.26,7.18,1,0
51,r_fast,5,2.9,6.55,1,0
51,r_fast,6,2.85,6.87,1,0
51,r_fast,7,nan,nan,1,0
51,r_fast,8,3.06,7.49,1,0
51,r_fast,9,3.03,7.01,1,0
51,r_fast,10,2.95,3,1,0
51,r_fast,11,nan,nan,1,0
51,r_fast,12,2.99,3.01,1,0
51,r_fast,13,3.28,7.64,1,0
51,r_slow,1,0.03,6.91,1,0
51,r_slow,2,nan,nan,1,0
51,r_slow,3,nan,nan,1,0
51,r_slow,4,0.03,7.26,1,0
51,r_slow,5,nan,nan,1,0
51,r_slow,6,0.03,7.31,1,0
51,r_slow,7,0.01,8.45,1,0
51,r_slow,8,nan,nan,1,0
51,r_slow,9,nan,nan,1,0
51,r_slow,10,nan,nan,1,0
51,r_slow,11,0.3,7.44,1,0
